#{"t_start": 1615678322.2314985, "env_id": null}
r,l,t,is_success,time
3243.177211,1,20.160329,False,500
3258.306033,1,47.204111,False,500
3226.560601,1,74.786372,False,500
40000,1,80.819226,True,102
3257.627932,1,108.100638,False,500
40000,1,114.154129,True,102
40000,1,130.265151,True,287
40000,1,136.277143,True,102
40000,1,142.321976,True,102
40000,1,161.437731,True,347
40000,1,181.376188,True,364
40000,1,187.350531,True,102
3243.415996,1,214.826192,False,500
3266.399116,1,242.135497,False,500
40000,1,248.071253,True,101
3256.270298,1,275.724536,False,500
40000,1,281.745847,True,102
3248.640011,1,304.306789,False,500
40000,1,328.868828,True,444
40000,1,340.706712,True,210
40000,1,346.66479,True,102
40000,1,352.689637,True,102
3256.185847,1,380.29197,False,500
40000,1,386.290698,True,102
40000,1,405.178146,True,340
40000,1,410.134908,True,111
40000,1,414.745034,True,102
40000,1,419.326711,True,102
40000,1,427.49183,True,193
40000,1,433.487981,True,101
40000,1,438.101447,True,102
3223.818254,1,458.458244,False,500
40000,1,464.524353,True,102
3234.916629,1,491.833298,False,500
40000,1,510.536951,True,337
3248.669857,1,538.080094,False,500
3259.702777,1,561.515136,False,500
40000,1,567.50554,True,102
3240.416667,1,595.336492,False,500
40000,1,601.332171,True,102
3232.758594,1,628.986101,False,500
40000,1,634.995843,True,102
3217.142553,1,662.525362,False,500
3228.058764,1,690.425968,False,500
3256.503127,1,718.756334,False,500
40000,1,724.75866,True,102
3216.583894,1,752.234983,False,500
40000,1,767.013852,True,359
3257.16439,1,794.347417,False,500
40000,1,801.519666,True,124
40000,1,807.504325,True,102
40000,1,813.673304,True,102
40000,1,819.819079,True,102
40000,1,826.710893,True,117
40000,1,831.321734,True,102
3243.621437,1,858.909281,False,500
3243.692719,1,886.793461,False,500
40000,1,892.865286,True,102
3247.250484,1,920.335709,False,500
40000,1,924.989532,True,102
40000,1,938.17428,True,320
40000,1,944.138179,True,102
40000,1,950.158466,True,102
3229.010974,1,977.267515,False,500
40000,1,995.320048,True,324
40000,1,999.935366,True,102
3203.422401,1,1027.655827,False,500
40000,1,1033.683225,True,102
40000,1,1042.0796,True,198
40000,1,1048.061916,True,102
3248.477476,1,1075.603891,False,500
40000,1,1081.547654,True,102
3220.675108,1,1109.144033,False,500
40000,1,1113.772661,True,102
40000,1,1129.169403,True,378
40000,1,1133.74787,True,102
40000,1,1139.599139,True,99
3240.935522,1,1159.95599,False,500
40000,1,1166.017988,True,102
3183.491,1,1193.501525,False,500
3245.176025,1,1221.026107,False,500
40000,1,1227.055845,True,102
40000,1,1233.036776,True,102
40000,1,1239.083465,True,102
3178.027665,1,1267.113645,False,500
40000,1,1278.062237,True,192
3260.693562,1,1298.40676,False,500
3248.777126,1,1326.320543,False,500
3226.126607,1,1353.880345,False,500
3233.1103,1,1374.209018,False,500
40000,1,1380.343058,True,102
40000,1,1393.312317,True,315
3231.485527,1,1413.950919,False,500
40000,1,1420.007554,True,102
3224.478411,1,1447.511754,False,500
3259.94618,1,1474.796243,False,500
3248.55495,1,1502.165552,False,500
40000,1,1508.205086,True,102
40000,1,1514.293002,True,102
40000,1,1520.368092,True,102
3239.065911,1,1547.775955,False,500
3249.269886,1,1575.140589,False,500
3225.6216,1,1598.404441,False,500
3259.777042,1,1618.859918,False,500
40000,1,1623.477031,True,102
3258.030601,1,1643.832637,False,500
40000,1,1649.893555,True,102
3000.21011,1,1678.129561,False,500
3244.214878,1,1705.499445,False,500
40000,1,1711.608026,True,102
40000,1,1722.538575,True,191
40000,1,1741.032451,True,329
3228.855313,1,1765.941393,False,500
3258.029235,1,1793.458142,False,500
3241.746638,1,1821.020903,False,500
3241.849528,1,1848.621149,False,500
3242.053064,1,1868.900453,False,500
40000,1,1874.974975,True,100
3256.919801,1,1902.863258,False,500
40000,1,1908.829833,True,102
2933.114437,1,1936.161341,False,500
3250.310326,1,1963.824852,False,500
40000,1,1968.439503,True,102
40000,1,1974.455658,True,102
3235.935964,1,2001.684109,False,500
3244.014845,1,2029.632861,False,500
3262.363239,1,2057.433466,False,500
40000,1,2063.510499,True,102
3162.370306,1,2091.05583,False,500
3230.036532,1,2118.988614,False,500
3234.401552,1,2146.921738,False,500
40000,1,2165.169645,True,324
3186.972069,1,2187.688399,False,500
40000,1,2201.160643,True,288
40000,1,2207.199428,True,102
40000,1,2213.459959,True,140
40000,1,2218.054323,True,102
3234.599496,1,2245.590371,False,500
40000,1,2262.167704,True,295
3249.321234,1,2289.644951,False,500
40000,1,2294.328355,True,101
40000,1,2301.57231,True,126
40000,1,2312.442724,True,193
3237.117738,1,2340.224473,False,500
40000,1,2356.665579,True,295
3230.947076,1,2384.441844,False,500
3257.027039,1,2412.21892,False,500
3258.782421,1,2434.441761,False,500
40000,1,2440.484515,True,102
3247.858458,1,2460.872343,False,500
3242.886665,1,2488.564103,False,500
40000,1,2494.56723,True,102
3197.011331,1,2521.975308,False,500
40000,1,2533.22173,True,197
40000,1,2537.893394,True,102
40000,1,2543.951185,True,102
40000,1,2548.643184,True,102
3252.233864,1,2569.25407,False,500
40000,1,2574.323538,True,112
3258.379406,1,2594.896373,False,500
40000,1,2601.002599,True,102
40000,1,2607.321441,True,142
40000,1,2618.568771,True,196
40000,1,2627.159705,True,149
40000,1,2631.8107,True,102
40000,1,2637.778759,True,102
3230.244631,1,2665.033417,False,500
3242.138978,1,2692.585359,False,500
40000,1,2698.641224,True,102
3224.709382,1,2726.247746,False,500
3255.692436,1,2753.866369,False,500
3262.302748,1,2781.353616,False,500
3229.341326,1,2801.646425,False,500
3227.16343,1,2821.993699,False,500
40000,1,2828.049488,True,102
40000,1,2834.146501,True,102
3239.875169,1,2861.608185,False,500
3260.726002,1,2889.121398,False,500
40000,1,2895.15478,True,102
3229.213314,1,2922.589678,False,500
3248.561144,1,2950.293035,False,500
40000,1,2956.305238,True,102
40000,1,2972.149282,True,343
40000,1,2980.218973,True,141
3227.038294,1,3007.755388,False,500
3235.966574,1,3035.352069,False,500
40000,1,3041.455681,True,102
40000,1,3064.146811,True,407
3240.308338,1,3092.019694,False,500
40000,1,3108.966796,True,302
40000,1,3120.2029,True,195
40000,1,3124.797868,True,102
40000,1,3140.512444,True,364
3246.071529,1,3168.34747,False,500
40000,1,3192.739333,True,439
3244.91437,1,3220.14366,False,500
40000,1,3231.164745,True,193
40000,1,3244.047685,True,309
40000,1,3248.671172,True,102
40000,1,3260.816475,True,212
3248.665524,1,3288.306345,False,500
40000,1,3294.266291,True,102
40000,1,3308.962515,True,356
40000,1,3327.557871,True,453
3246.233329,1,3355.321895,False,500
40000,1,3361.396762,True,102
40000,1,3367.384967,True,102
3247.639871,1,3394.945418,False,500
3256.304087,1,3422.579081,False,500
40000,1,3428.613079,True,102
3248.554844,1,3456.139953,False,500
40000,1,3462.134275,True,102
40000,1,3488.058035,True,469
3242.185993,1,3515.745971,False,500
40000,1,3520.357162,True,102
40000,1,3526.36776,True,102
3264.764283,1,3554.18136,False,500
40000,1,3569.472917,True,270
40000,1,3575.552232,True,102
40000,1,3580.144661,True,102
40000,1,3586.190264,True,102
3229.937621,1,3613.573309,False,500
3248.77296,1,3641.07123,False,500
3235.405488,1,3668.821526,False,500
40000,1,3674.994432,True,102
3267.173471,1,3702.340986,False,500
3259.169846,1,3729.853328,False,500
3258.371693,1,3757.320455,False,500
40000,1,3765.644217,True,195
40000,1,3771.701235,True,102
3255.007237,1,3799.508216,False,500
40000,1,3805.569151,True,102
3227.190281,1,3833.535815,False,500
40000,1,3852.09453,True,331
3027.798697,1,3879.909629,False,500
3238.284086,1,3900.712924,False,500
40000,1,3917.35591,True,299
3242.621704,1,3937.9107,False,500
40000,1,3943.847256,True,101
3253.609073,1,3971.828379,False,500
40000,1,3977.911132,True,102
40000,1,3995.109363,True,303
3261.602174,1,4015.748513,False,500
40000,1,4021.742253,True,102
40000,1,4041.740466,True,362
3249.302754,1,4069.545897,False,500
40000,1,4075.629494,True,102
3227.457534,1,4096.385617,False,500
3247.637444,1,4118.600728,False,500
40000,1,4124.596459,True,102
3262.537155,1,4146.603953,False,500
3260.959605,1,4174.235046,False,500
40000,1,4180.27106,True,102
40000,1,4184.946027,True,102
40000,1,4190.988478,True,102
40000,1,4197.033544,True,102
40000,1,4202.891071,True,100
40000,1,4208.925674,True,102
3021.553344,1,4236.830248,False,500
40000,1,4242.855569,True,102
40000,1,4249.611214,True,114
40000,1,4255.710149,True,102
3243.445107,1,4275.938119,False,500
3228.069816,1,4303.820617,False,500
3234.498251,1,4331.529788,False,500
40000,1,4337.520486,True,102
3236.386249,1,4365.188558,False,500
3235.093716,1,4385.594573,False,500
40000,1,4398.050638,True,298
40000,1,4410.648655,True,302
40000,1,4428.260582,True,313
40000,1,4434.305185,True,102
3258.492481,1,4462.283365,False,500
40000,1,4486.704841,True,445
40000,1,4505.225533,True,333
3236.030575,1,4525.911031,False,500
40000,1,4531.929031,True,102
3212.274214,1,4552.627875,False,500
3251.783522,1,4580.538207,False,500
3246.348481,1,4607.991407,False,500
3264.150013,1,4635.702748,False,500
40000,1,4641.915789,True,102
3267.458948,1,4669.815173,False,500
40000,1,4676.150734,True,108
3251.165779,1,4703.633452,False,500
40000,1,4709.097988,True,124
3236.820882,1,4736.467151,False,500
3239.312448,1,4764.079229,False,500
40000,1,4768.743038,True,102
3159.014781,1,4796.242223,False,500
40000,1,4800.919153,True,102
3248.621469,1,4821.172034,False,500
40000,1,4825.85317,True,102
3205.509268,1,4852.983847,False,500
3268.866338,1,4880.589982,False,500
40000,1,4899.823189,True,345
40000,1,4905.903961,True,102
40000,1,4926.668851,True,375
3238.553318,1,4954.032018,False,500
40000,1,4967.503144,True,320
3209.933221,1,4996.203549,False,500
3267.015651,1,5016.787921,False,500
40000,1,5022.803819,True,102
3229.485466,1,5050.124819,False,500
3249.169392,1,5077.680635,False,500
40000,1,5096.52754,True,339
3232.87275,1,5124.139529,False,500
40000,1,5130.138203,True,102
3229.521019,1,5157.662008,False,500
40000,1,5162.319999,True,102
40000,1,5168.450356,True,102
3250.959273,1,5188.948419,False,500
40000,1,5194.966267,True,102
3242.786886,1,5222.835036,False,500
40000,1,5239.552822,True,297
40000,1,5250.520778,True,195
40000,1,5255.103441,True,102
3243.303108,1,5282.735241,False,500
40000,1,5288.796758,True,102
40000,1,5294.847189,True,102
3251.728611,1,5322.583148,False,500
40000,1,5328.639881,True,102
3231.92486,1,5351.48279,False,500
3222.553665,1,5379.456951,False,500
3256.680884,1,5406.904612,False,500
40000,1,5412.943779,True,102
40000,1,5428.923348,True,284
3228.554819,1,5456.202242,False,500
40000,1,5461.067611,True,102
3230.601021,1,5488.438962,False,500
40000,1,5504.137053,True,365
40000,1,5519.00332,True,353
40000,1,5523.681046,True,100
40000,1,5529.815041,True,102
3242.71959,1,5557.569319,False,500
40000,1,5569.449433,True,207
3239.777775,1,5589.759633,False,500
40000,1,5595.711329,True,102
40000,1,5603.091155,True,128
3270.530728,1,5630.698727,False,500
40000,1,5637.792779,True,122
40000,1,5642.38573,True,102
40000,1,5646.954588,True,102
40000,1,5651.470048,True,100
3007.911119,1,5679.555177,False,500
3261.634401,1,5700.331552,False,500
40000,1,5706.341229,True,102
40000,1,5712.397279,True,102
40000,1,5718.561462,True,102
3257.460944,1,5746.095242,False,500
3248.553099,1,5766.484419,False,500
3264.618462,1,5794.189231,False,500
40000,1,5798.812801,True,102
3128.602489,1,5819.397207,False,500
40000,1,5824.060501,True,102
40000,1,5830.491575,True,111
40000,1,5850.817173,True,366
3243.603647,1,5871.861885,False,500
40000,1,5877.836446,True,102
40000,1,5882.408722,True,102
40000,1,5888.474509,True,102
40000,1,5894.455663,True,102
40000,1,5900.417728,True,102
40000,1,5906.514652,True,102
3254.222092,1,5934.63797,False,500
3245.712009,1,5962.467898,False,500
40000,1,5968.571043,True,102
3221.193324,1,5996.193721,False,500
40000,1,6002.271109,True,102
40000,1,6020.435245,True,324
40000,1,6036.214661,True,384
3238.736971,1,6063.495947,False,500
40000,1,6069.468395,True,101
40000,1,6074.047554,True,102
40000,1,6080.081757,True,103
40000,1,6095.979645,True,285
40000,1,6101.973842,True,102
3227.220018,1,6122.411427,False,500
3225.761043,1,6150.064272,False,500
40000,1,6156.085519,True,102
40000,1,6160.728617,True,102
40000,1,6166.76674,True,102
40000,1,6172.81292,True,102
3115.665867,1,6200.603762,False,500
40000,1,6205.32148,True,102
40000,1,6211.351085,True,102
3220.982726,1,6238.941385,False,500
40000,1,6243.627013,True,102
40000,1,6249.556123,True,102
40000,1,6255.527426,True,102
40000,1,6261.532508,True,102
40000,1,6267.616518,True,102
3248.196532,1,6295.224483,False,500
3225.144263,1,6315.491652,False,500
3258.226156,1,6342.802156,False,500
40000,1,6347.558554,True,102
3255.047587,1,6367.885124,False,500
3236.801961,1,6395.616484,False,500
40000,1,6400.213233,True,102
3238.86259,1,6420.506284,False,500
40000,1,6425.310908,True,107
40000,1,6431.710914,True,147
40000,1,6436.358025,True,102
40000,1,6442.914775,True,112
40000,1,6447.645455,True,102
3239.40084,1,6475.206637,False,500
40000,1,6495.557895,True,368
3229.034523,1,6515.795005,False,500
40000,1,6520.397075,True,102
40000,1,6524.937491,True,102
40000,1,6530.995667,True,102
3215.236285,1,6558.752253,False,500
3234.059009,1,6579.027008,False,500
40000,1,6583.678095,True,102
40000,1,6594.959982,True,198
40000,1,6601.014563,True,102
3220.650107,1,6624.88648,False,500
3229.13564,1,6652.198178,False,500
40000,1,6658.42473,True,104
40000,1,6664.429763,True,102
3236.780255,1,6688.773724,False,500
3253.193531,1,6709.438629,False,500
40000,1,6715.519802,True,102
3247.48849,1,6743.313061,False,500
40000,1,6749.378992,True,102
40000,1,6766.098558,True,295
3261.880167,1,6794.068703,False,500
3256.707303,1,6814.392357,False,500
3245.963884,1,6842.453322,False,500
40000,1,6847.126754,True,102
40000,1,6851.781752,True,102
40000,1,6857.949853,True,102
3240.55053,1,6878.363082,False,500
40000,1,6884.334524,True,102
40000,1,6895.129965,True,190
40000,1,6901.111762,True,102
3263.994931,1,6928.707075,False,500
40000,1,6933.334163,True,102
3254.918709,1,6961.054906,False,500
40000,1,6967.0988,True,102
40000,1,6984.315522,True,305
40000,1,6990.396818,True,102
3246.784239,1,7018.18226,False,500
3236.752679,1,7045.712767,False,500
40000,1,7050.299011,True,102
40000,1,7056.262873,True,102
3258.201406,1,7084.055941,False,500
40000,1,7088.702211,True,102
40000,1,7094.847401,True,104
40000,1,7100.791152,True,101
40000,1,7106.804098,True,102
40000,1,7111.494637,True,102
40000,1,7136.097277,True,441
3257.753505,1,7164.115469,False,500
40000,1,7168.664186,True,100
40000,1,7179.567522,True,193
3251.762096,1,7207.315624,False,500
40000,1,7213.39685,True,102
3239.837349,1,7241.236079,False,500
40000,1,7247.315077,True,102
3221.462063,1,7267.757519,False,500
40000,1,7273.713464,True,102
40000,1,7279.712172,True,102
3248.447954,1,7300.147466,False,500
3232.155058,1,7321.098773,False,500
3224.081564,1,7344.934452,False,500
40000,1,7357.286723,True,219
3244.656199,1,7377.881365,False,500
40000,1,7382.682001,True,102
40000,1,7388.713053,True,102
40000,1,7394.790476,True,102
3237.72456,1,7417.545602,False,500
3241.542264,1,7445.220526,False,500
3235.406578,1,7472.846933,False,500
3251.179039,1,7500.338405,False,500
3228.986333,1,7527.891633,False,500
3260.998394,1,7555.890462,False,500
3258.320881,1,7580.207816,False,500
3242.006853,1,7607.852126,False,500
3237.626676,1,7635.254939,False,500
3254.409801,1,7662.647962,False,500
3239.308576,1,7690.485087,False,500
40000,1,7701.27723,True,189
3241.56555,1,7722.00049,False,500
3243.921114,1,7749.946117,False,500
3262.653364,1,7777.503852,False,500
40000,1,7784.098099,True,113
40000,1,7790.199573,True,102
3229.453651,1,7817.811039,False,500
3265.69378,1,7838.339536,False,500
3245.574049,1,7859.14636,False,500
3214.84031,1,7887.224973,False,500
40000,1,7893.515474,True,102
3222.756202,1,7921.253327,False,500
3263.334365,1,7949.100334,False,500
3226.057648,1,7976.412036,False,500
3247.485308,1,8003.796946,False,500
40000,1,8022.137949,True,326
3256.57591,1,8050.125536,False,500
3249.329803,1,8077.882241,False,500
3241.902461,1,8105.642389,False,500
40000,1,8111.659319,True,102
40000,1,8130.669495,True,344
40000,1,8138.442059,True,135
40000,1,8144.54976,True,104
3232.591479,1,8172.018459,False,500
40000,1,8176.719889,True,102
40000,1,8182.758347,True,102
3260.455644,1,8210.112475,False,500
40000,1,8219.292867,True,161
40000,1,8225.307549,True,102
40000,1,8229.970684,True,102
40000,1,8236.01716,True,102
3234.236791,1,8263.693797,False,500
40000,1,8268.23232,True,100
3247.621844,1,8295.88687,False,500
40000,1,8301.974374,True,102
40000,1,8306.635518,True,102
3265.245561,1,8333.851135,False,500
40000,1,8339.844877,True,102
3243.261111,1,8367.406769,False,500
40000,1,8372.154094,True,102
3255.09731,1,8392.901932,False,500
3250.3241,1,8420.459201,False,500
40000,1,8439.946665,True,347
40000,1,8457.599913,True,317
3262.407653,1,8485.160157,False,500
3245.57363,1,8513.019354,False,500
40000,1,8530.244843,True,310
40000,1,8540.939963,True,189
40000,1,8546.971938,True,102
3253.122096,1,8574.588641,False,500
40000,1,8579.20856,True,102
40000,1,8585.204839,True,102
40000,1,8591.273232,True,102
3164.025817,1,8611.869267,False,500
40000,1,8616.639275,True,106
3227.360799,1,8644.274735,False,500
3245.858267,1,8671.951959,False,500
40000,1,8688.854409,True,297
3237.123292,1,8716.436514,False,500
3224.352275,1,8736.968298,False,500
40000,1,8743.047606,True,102
40000,1,8750.673005,True,131
40000,1,8755.341199,True,102
3232.563913,1,8782.595315,False,500
3255.196508,1,8809.909492,False,500
40000,1,8816.067193,True,102
3251.899727,1,8836.391135,False,500
40000,1,8840.986168,True,102
3256.650482,1,8868.142236,False,500
40000,1,8884.468871,True,294
40000,1,8897.621481,True,318
40000,1,8903.578535,True,102
3252.860511,1,8924.293784,False,500
40000,1,8944.862274,True,418
3222.913566,1,8972.258073,False,500
3260.034499,1,9000.08724,False,500
40000,1,9016.92781,True,302
3239.480956,1,9044.495192,False,500
40000,1,9060.473978,True,282
3257.969237,1,9080.761714,False,500
40000,1,9099.173797,True,330
3242.968834,1,9126.772614,False,500
3251.163374,1,9147.488545,False,500
3249.035581,1,9175.197693,False,500
40000,1,9181.355336,True,102
40000,1,9185.937686,True,102
3245.068857,1,9206.456517,False,500
40000,1,9227.055527,True,367
40000,1,9248.703513,True,388
3249.098597,1,9276.362499,False,500
3224.755205,1,9303.907247,False,500
3234.178361,1,9331.422558,False,500
3241.77152,1,9351.908824,False,500
40000,1,9356.99926,True,114
40000,1,9375.071595,True,443
40000,1,9379.70575,True,102
3215.295329,1,9400.233247,False,500
40000,1,9404.92317,True,102
40000,1,9410.902322,True,102
40000,1,9416.99014,True,102
3240.848003,1,9437.579357,False,500
3221.061876,1,9465.182079,False,500
3243.762499,1,9492.43395,False,500
3236.113999,1,9520.168379,False,500
3239.194863,1,9540.631935,False,500
40000,1,9545.290665,True,102
40000,1,9557.269312,True,283
3235.850869,1,9584.822036,False,500
40000,1,9591.97897,True,123
40000,1,9596.641726,True,102
3253.658632,1,9617.192221,False,500
40000,1,9635.938552,True,335
3176.299053,1,9656.700833,False,500
40000,1,9665.008235,True,192
3228.340962,1,9692.534864,False,500
40000,1,9698.510041,True,102
40000,1,9705.338648,True,118
40000,1,9716.428886,True,196
40000,1,9736.549445,True,361
40000,1,9741.245152,True,102
40000,1,9747.262755,True,103
3259.873364,1,9774.805373,False,500
40000,1,9780.801808,True,102
40000,1,9796.877839,True,293
40000,1,9816.666551,True,354
40000,1,9822.718857,True,102
40000,1,9827.299817,True,102
40000,1,9833.339957,True,102
3238.127792,1,9860.984017,False,500
40000,1,9879.437563,True,333
40000,1,9884.097439,True,102
3255.704532,1,9905.999934,False,500
40000,1,9910.582032,True,102
3232.003812,1,9938.007204,False,500
40000,1,9944.050223,True,102
3239.9961,1,9964.363891,False,500
3262.581642,1,9992.109111,False,500
40000,1,9998.098149,True,102
40000,1,10008.878492,True,190
3256.363861,1,10036.606835,False,500
3241.208799,1,10057.315475,False,500
40000,1,10063.2952,True,102
40000,1,10084.741517,True,388
40000,1,10089.420619,True,102
3252.313597,1,10117.199045,False,500
40000,1,10123.285656,True,102
40000,1,10129.328181,True,102
40000,1,10147.051219,True,315
40000,1,10153.161525,True,102
3253.769728,1,10180.683619,False,500
3248.995872,1,10208.368546,False,500
3262.880378,1,10228.986988,False,500
3258.148383,1,10256.569164,False,500
40000,1,10261.163519,True,102
40000,1,10267.183475,True,102
3221.43796,1,10294.68125,False,500
3252.793656,1,10322.177082,False,500
40000,1,10344.876567,True,410
40000,1,10350.959476,True,102
3231.806322,1,10378.769073,False,500
3258.97482,1,10406.28476,False,500
3246.580289,1,10433.776187,False,500
3253.361103,1,10454.381157,False,500
3252.440728,1,10482.069021,False,500
40000,1,10488.126307,True,102
40000,1,10494.135887,True,101
40000,1,10500.241717,True,102
40000,1,10520.249175,True,361
3232.267464,1,10548.003053,False,500
3251.967205,1,10575.812453,False,500
3235.540537,1,10603.396103,False,500
40000,1,10609.380816,True,102
3253.036816,1,10636.792084,False,500
40000,1,10641.436013,True,102
40000,1,10647.461124,True,102
40000,1,10653.42553,True,102
3253.698568,1,10681.351935,False,500
40000,1,10687.417493,True,102
40000,1,10698.407598,True,192
40000,1,10709.281435,True,191
40000,1,10715.228623,True,102
3235.838665,1,10735.454178,False,500
3234.559025,1,10763.263823,False,500
3244.44779,1,10790.865018,False,500
40000,1,10797.202213,True,108
2974.592437,1,10824.800714,False,500
3262.807484,1,10852.420275,False,500
3229.668759,1,10879.980029,False,500
40000,1,10886.02938,True,102
3268.110118,1,10913.963183,False,500
40000,1,10921.745466,True,135
40000,1,10928.850569,True,122
40000,1,10934.871252,True,102
40000,1,10959.211293,True,440
40000,1,10965.239064,True,102
40000,1,10988.056687,True,406
3237.933944,1,11015.870326,False,500
40000,1,11040.438163,True,444
3203.099866,1,11060.841124,False,500
3248.514238,1,11081.456016,False,500
40000,1,11087.476172,True,102
40000,1,11102.06129,True,348
40000,1,11106.693283,True,102
40000,1,11112.725231,True,102
40000,1,11118.671439,True,100
3248.963105,1,11139.36422,False,500
3233.349011,1,11160.365596,False,500
3264.775499,1,11187.949856,False,500
40000,1,11199.976869,True,212
3265.796525,1,11220.578013,False,500
40000,1,11226.566177,True,102
3237.38146,1,11250.75278,False,500
3248.352594,1,11278.700358,False,500
40000,1,11303.03353,True,442
40000,1,11309.098563,True,102
3160.310888,1,11336.503874,False,500
40000,1,11347.541028,True,194
40000,1,11360.471518,True,226
3265.420725,1,11388.364502,False,500
3248.94202,1,11415.944852,False,500
40000,1,11432.211312,True,293
40000,1,11436.81094,True,102
3250.941836,1,11464.716438,False,500
40000,1,11469.33812,True,102
3266.241643,1,11495.411379,False,500
3220.231743,1,11516.090357,False,500
40000,1,11522.221604,True,102
3234.495273,1,11550.029702,False,500
3233.794736,1,11577.961643,False,500
40000,1,11584.007734,True,102
3242.127628,1,11611.914367,False,500
3240.773479,1,11639.390528,False,500
3239.692192,1,11667.208004,False,500
40000,1,11683.273887,True,285
40000,1,11689.321236,True,102
3246.203599,1,11716.777452,False,500
40000,1,11723.118288,True,108
40000,1,11727.772543,True,102
3258.412109,1,11748.572908,False,500
3232.527887,1,11776.548105,False,500
40000,1,11782.637172,True,102
3245.346777,1,11810.101838,False,500
40000,1,11826.562535,True,292
40000,1,11845.13411,True,331
3242.638249,1,11868.753693,False,500
3233.676284,1,11889.033984,False,500
3237.752771,1,11916.747983,False,500
40000,1,11934.251066,True,310
40000,1,11939.071233,True,102
40000,1,11943.680051,True,102
40000,1,11948.345182,True,102
3263.541673,1,11975.948627,False,500
3252.703887,1,12003.364612,False,500
3224.506914,1,12031.197606,False,500
40000,1,12037.411681,True,102
40000,1,12043.401374,True,102
3244.506765,1,12070.858766,False,500
3251.37423,1,12098.775918,False,500
40000,1,12116.541434,True,320
40000,1,12121.973052,True,102
40000,1,12127.990673,True,102
3240.305238,1,12155.434515,False,500
40000,1,12161.538388,True,101
40000,1,12171.900622,True,181
40000,1,12177.982422,True,102
3260.595916,1,12205.667496,False,500
40000,1,12211.721171,True,102
40000,1,12218.171997,True,110
40000,1,12224.210413,True,102
40000,1,12230.183692,True,102
3239.825096,1,12257.586719,False,500
40000,1,12262.35548,True,102
40000,1,12268.330697,True,102
40000,1,12278.305313,True,174
40000,1,12284.271791,True,102
3264.613189,1,12311.929396,False,500
40000,1,12317.921964,True,102
40000,1,12323.892873,True,102
40000,1,12340.268653,True,294
40000,1,12346.381708,True,102
3186.461115,1,12374.349517,False,500
40000,1,12380.369834,True,102
40000,1,12387.105349,True,114
40000,1,12391.750473,True,102
3242.801605,1,12412.466859,False,500
40000,1,12420.893232,True,199
40000,1,12426.982643,True,102
40000,1,12433.756114,True,116
3252.556051,1,12461.653677,False,500
40000,1,12467.713966,True,102
40000,1,12473.756161,True,102
3177.796366,1,12501.760176,False,500
40000,1,12506.677272,True,102
3249.146833,1,12534.305649,False,500
3228.306249,1,12561.906836,False,500
40000,1,12585.497198,True,429
40000,1,12591.500416,True,102
3238.509102,1,12619.107036,False,500
40000,1,12638.250439,True,339
40000,1,12655.918275,True,319
3249.554289,1,12683.648606,False,500
3160.380441,1,12711.527593,False,500
40000,1,12730.251922,True,331
3231.739905,1,12757.95278,False,500
40000,1,12772.928783,True,356
40000,1,12779.798694,True,118
3242.126321,1,12807.084359,False,500
40000,1,12818.054398,True,195
40000,1,12836.438238,True,325
3251.426813,1,12856.876429,False,500
3249.037927,1,12884.609174,False,500
3262.11153,1,12912.450714,False,500
40000,1,12917.151948,True,102
40000,1,12923.133219,True,102
40000,1,12929.116439,True,102
3232.388178,1,12957.046358,False,500
40000,1,12963.118834,True,102
40000,1,12969.126477,True,102
40000,1,12975.097392,True,102
40000,1,12981.0868,True,101
3223.775981,1,13008.481376,False,500
40000,1,13014.55493,True,102
40000,1,13028.327336,True,321
3239.006929,1,13055.829722,False,500
3233.566289,1,13083.51115,False,500
40000,1,13103.314504,True,355
3260.982177,1,13130.804987,False,500
3239.73407,1,13158.504394,False,500
3256.073877,1,13186.349031,False,500
3242.939425,1,13213.771254,False,500
40000,1,13237.555764,True,432
3177.656526,1,13265.518412,False,500
3256.923339,1,13293.24965,False,500
3263.756936,1,13320.698253,False,500
40000,1,13326.699925,True,102
3236.119181,1,13354.173492,False,500
40000,1,13379.106715,True,450
3227.160622,1,13406.329933,False,500
3232.264698,1,13433.539615,False,500
40000,1,13439.557428,True,102
3246.721804,1,13467.430342,False,500
3224.251678,1,13494.79844,False,500
3240.920813,1,13515.225269,False,500
40000,1,13521.28012,True,102
40000,1,13526.035145,True,102
40000,1,13533.230474,True,123
40000,1,13539.287084,True,102
40000,1,13543.921824,True,102
3243.959165,1,13571.697857,False,500
40000,1,13583.099621,True,200
3257.79759,1,13611.047511,False,500
40000,1,13629.382203,True,327
3261.699173,1,13653.618348,False,500
40000,1,13659.7137,True,102
40000,1,13665.685229,True,102
3156.324007,1,13693.384316,False,500
40000,1,13714.948596,True,389
40000,1,13720.899806,True,101
3227.399851,1,13748.601547,False,500
40000,1,13754.709216,True,102
3246.455595,1,13775.403227,False,500
3231.983744,1,13795.956703,False,500
3247.484361,1,13816.619532,False,500
3258.701236,1,13836.953754,False,500
40000,1,13841.540939,True,102
40000,1,13847.536112,True,102
3220.055537,1,13875.158079,False,500
40000,1,13881.213952,True,102
40000,1,13887.21228,True,102
40000,1,13893.151332,True,100
3227.847903,1,13920.925582,False,500
40000,1,13932.280842,True,200
40000,1,13938.254898,True,102
40000,1,13944.449774,True,105
40000,1,13957.330623,True,308
40000,1,13963.454433,True,102
3239.412393,1,13984.002181,False,500
40000,1,13989.987176,True,102
40000,1,13996.02896,True,102
40000,1,14002.04594,True,102
40000,1,14007.99514,True,101
40000,1,14027.734637,True,449
3246.023115,1,14054.908406,False,500
3253.368844,1,14082.45478,False,500
3235.929012,1,14110.117124,False,500
3243.95287,1,14137.993844,False,500
40000,1,14154.850107,True,297
40000,1,14160.947919,True,102
3255.700081,1,14188.808465,False,500
40000,1,14193.474537,True,102
40000,1,14198.082965,True,102
40000,1,14213.786025,True,282
3235.11613,1,14241.484129,False,500
40000,1,14247.487261,True,102
3252.687716,1,14268.165612,False,500
40000,1,14272.799115,True,102
3242.087245,1,14300.353887,False,500
3233.005897,1,14328.029279,False,500
40000,1,14334.11979,True,102
3263.672493,1,14361.870948,False,500
40000,1,14367.978382,True,102
40000,1,14374.037383,True,102
40000,1,14380.105444,True,102
3233.154557,1,14407.694056,False,500
3254.676043,1,14435.190227,False,500
40000,1,14442.168104,True,121
40000,1,14453.327295,True,195
40000,1,14459.312688,True,102
40000,1,14465.281064,True,102
3242.573616,1,14493.16784,False,500
3266.277822,1,14521.031868,False,500
40000,1,14527.001298,True,100
40000,1,14547.590491,True,369
40000,1,14555.389222,True,135
3243.616981,1,14582.822725,False,500
40000,1,14602.160073,True,345
40000,1,14607.978366,True,131
40000,1,14620.574563,True,300
40000,1,14625.25717,True,102
40000,1,14631.302788,True,102
3022.233382,1,14659.460789,False,500
40000,1,14665.507844,True,102
40000,1,14671.594868,True,102
3259.404303,1,14699.465623,False,500
40000,1,14704.112309,True,102
40000,1,14710.058259,True,102
40000,1,14716.090745,True,102
40000,1,14722.745037,True,114
3249.061201,1,14750.391232,False,500
40000,1,14756.512727,True,102
3253.35473,1,14784.284727,False,500
40000,1,14796.132319,True,208
40000,1,14813.995087,True,324
3192.582747,1,14841.624218,False,500
40000,1,14847.653753,True,102
40000,1,14853.665358,True,102
40000,1,14859.657172,True,102
40000,1,14874.799207,True,370
40000,1,14880.76515,True,102
3255.058895,1,14901.296735,False,500
40000,1,14907.258699,True,102
40000,1,14925.903231,True,338
40000,1,14931.977526,True,102
3251.9823,1,14952.723619,False,500
40000,1,14957.329776,True,102
2875.203223,1,14985.794215,False,500
40000,1,14991.802733,True,102
40000,1,15005.202653,True,325
3254.252635,1,15032.78627,False,500
3259.229658,1,15060.65671,False,500
3259.46173,1,15081.238048,False,500
3240.068203,1,15109.311182,False,500
40000,1,15117.629022,True,191
40000,1,15140.780481,True,414
3252.84899,1,15161.378373,False,500
3237.072317,1,15181.950953,False,500
3267.460378,1,15209.679456,False,500
3225.554188,1,15229.931043,False,500
40000,1,15236.690649,True,114
40000,1,15256.654647,True,357
40000,1,15262.719073,True,102
3220.520026,1,15290.461743,False,500
3258.630723,1,15317.904413,False,500
40000,1,15322.613002,True,102
3238.718484,1,15343.313506,False,500
40000,1,15349.41017,True,102
40000,1,15354.103048,True,102
40000,1,15365.095901,True,191
3260.361543,1,15392.954683,False,500
3232.028019,1,15413.775725,False,500
40000,1,15419.770312,True,102
3251.17542,1,15447.29567,False,500
40000,1,15453.312567,True,102
40000,1,15459.244767,True,102
40000,1,15465.374544,True,102
3268.218699,1,15485.98198,False,500
40000,1,15491.961875,True,102
40000,1,15498.026606,True,102
3263.605478,1,15518.392283,False,500
3229.070491,1,15538.708507,False,500
3239.961822,1,15566.159873,False,500
40000,1,15572.25911,True,102
3225.510039,1,15599.712315,False,500
40000,1,15605.766922,True,102
40000,1,15612.336644,True,111
40000,1,15634.030511,True,390
40000,1,15640.11635,True,102
40000,1,15646.203805,True,102
40000,1,15652.985741,True,152
3017.360685,1,15680.798913,False,500
3243.518587,1,15708.479455,False,500
40000,1,15714.644428,True,102
2959.863369,1,15742.455356,False,500
40000,1,15761.519432,True,344
40000,1,15767.492779,True,102
3262.74458,1,15788.415817,False,500
40000,1,15794.505119,True,102
40000,1,15805.591228,True,196
40000,1,15811.597363,True,102
40000,1,15829.399568,True,315
40000,1,15850.049929,True,374
40000,1,15858.153438,True,147
40000,1,15878.504782,True,367
40000,1,15884.495533,True,102
40000,1,15902.31021,True,319
40000,1,15909.365924,True,120
3237.696842,1,15937.386383,False,500
3239.807708,1,15964.860265,False,500
3240.68931,1,15985.499941,False,500
40000,1,15991.55534,True,102
3230.087504,1,16019.387637,False,500
40000,1,16025.349167,True,101
3238.240898,1,16051.413228,False,500
40000,1,16058.106024,True,115
40000,1,16064.111636,True,102
40000,1,16070.250112,True,102
40000,1,16076.23207,True,102
40000,1,16098.916078,True,411
40000,1,16104.936495,True,102
3228.171629,1,16132.256555,False,500
40000,1,16138.356475,True,102
3256.858266,1,16166.043112,False,500
3225.916374,1,16193.810615,False,500
40000,1,16202.685143,True,208
40000,1,16208.654812,True,102
3244.253179,1,16236.276329,False,500
40000,1,16242.277546,True,102
40000,1,16248.282765,True,102
3244.218013,1,16275.741335,False,500
3257.60952,1,16303.172432,False,500
40000,1,16309.234685,True,102
3256.541572,1,16336.560927,False,500
40000,1,16341.243082,True,102
3248.32094,1,16368.902462,False,500
40000,1,16374.982065,True,102
3219.661057,1,16395.385924,False,500
3239.929546,1,16422.85448,False,500
40000,1,16427.560926,True,104
40000,1,16432.215281,True,102
3249.391778,1,16459.705781,False,500
40000,1,16465.800315,True,102
40000,1,16471.822994,True,101
40000,1,16476.474041,True,102
3206.69264,1,16496.962211,False,500
3249.538107,1,16521.247462,False,500
3234.371897,1,16548.59223,False,500
40000,1,16572.594752,True,437
40000,1,16578.678096,True,102
40000,1,16597.108765,True,331
40000,1,16614.994251,True,322
40000,1,16619.662433,True,102
3231.972883,1,16646.93939,False,500
40000,1,16651.539843,True,102
3242.370948,1,16679.100362,False,500
3261.493339,1,16706.860267,False,500
40000,1,16712.83411,True,102
40000,1,16717.473769,True,102
40000,1,16723.425224,True,102
40000,1,16729.506661,True,102
2986.29375,1,16757.657126,False,500
3238.652713,1,16785.445321,False,500
40000,1,16796.1533,True,187
40000,1,16802.221176,True,102
40000,1,16808.175105,True,102
40000,1,16814.252124,True,102
3236.01076,1,16842.134596,False,500
3218.429408,1,16869.788764,False,500
3249.587043,1,16897.310156,False,500
3227.785032,1,16925.302155,False,500
40000,1,16931.309838,True,102
40000,1,16937.288277,True,102
3246.734495,1,16964.748773,False,500
40000,1,16976.167462,True,270
40000,1,16982.257144,True,102
3245.142518,1,17002.80375,False,500
40000,1,17008.856215,True,102
40000,1,17015.031597,True,104
40000,1,17023.533491,True,200
40000,1,17029.491908,True,102
3257.485615,1,17057.23821,False,500
40000,1,17063.289827,True,102
3255.932042,1,17091.090975,False,500
40000,1,17097.137336,True,102
3248.398668,1,17124.807537,False,500
40000,1,17130.885645,True,102
40000,1,17136.888052,True,102
40000,1,17142.988693,True,102
3274.103387,1,17170.907983,False,500
40000,1,17176.90928,True,102
3217.349178,1,17204.56547,False,500
3253.874443,1,17232.297811,False,500
40000,1,17238.384663,True,102
3246.129186,1,17266.227826,False,500
40000,1,17289.691782,True,423
3245.126834,1,17317.282598,False,500
40000,1,17323.355397,True,102
40000,1,17329.737931,True,107
40000,1,17345.181111,True,373
3231.274225,1,17365.447624,False,500
3245.932626,1,17393.128628,False,500
40000,1,17399.161728,True,101
3234.995691,1,17427.014962,False,500
40000,1,17431.63311,True,102
40000,1,17436.230852,True,102
3237.603063,1,17463.886185,False,500
40000,1,17469.978109,True,102
40000,1,17484.438103,True,353
3225.920717,1,17505.359119,False,500
40000,1,17521.099853,True,277
40000,1,17527.146991,True,102
3249.266581,1,17555.001843,False,500
40000,1,17561.083703,True,102
40000,1,17567.14273,True,102
40000,1,17573.345756,True,102
40000,1,17577.929178,True,102
40000,1,17603.097796,True,452
40000,1,17609.170333,True,102
40000,1,17615.15051,True,102
3229.881239,1,17635.510875,False,500
40000,1,17641.549375,True,102
40000,1,17651.642661,True,196
40000,1,17657.761188,True,102
3226.527012,1,17678.220151,False,500
3265.41604,1,17706.172081,False,500
40000,1,17717.179726,True,195
40000,1,17723.178974,True,102
40000,1,17738.069896,True,356
3252.339469,1,17765.562613,False,500
40000,1,17770.201703,True,102
3246.883159,1,17790.6359,False,500
40000,1,17815.194738,True,444
40000,1,17837.226835,True,394
3232.686413,1,17857.856864,False,500
40000,1,17862.51829,True,102
3255.282972,1,17890.101396,False,500
3229.732446,1,17917.614267,False,500
40000,1,17923.668054,True,102
3244.373669,1,17951.143501,False,500
40000,1,17955.761503,True,102
3232.634815,1,17983.304133,False,500
3248.612193,1,18010.927752,False,500
40000,1,18017.371793,True,109
3254.164388,1,18045.147,False,500
40000,1,18052.14853,True,120
3235.188589,1,18079.636682,False,500
40000,1,18092.128357,True,302
40000,1,18098.106354,True,102
40000,1,18104.108895,True,102
3246.199873,1,18124.646137,False,500
40000,1,18132.811734,True,190
40000,1,18137.780102,True,102
40000,1,18145.196299,True,128
3265.081938,1,18165.870051,False,500
40000,1,18171.862521,True,102
3197.119198,1,18192.408064,False,500
40000,1,18197.053926,True,102
3251.247844,1,18224.5622,False,500
40000,1,18230.598169,True,102
3210.595374,1,18258.517882,False,500
40000,1,18263.212511,True,102
3248.998847,1,18283.982312,False,500
3236.420695,1,18304.80286,False,500
40000,1,18309.994989,True,115
40000,1,18316.088932,True,102
40000,1,18322.299917,True,102
3259.71826,1,18342.782294,False,500
40000,1,18348.796761,True,102
3233.576516,1,18369.403131,False,500
40000,1,18383.768148,True,284
40000,1,18389.747384,True,102
3244.762708,1,18416.440238,False,500
3245.365268,1,18443.937957,False,500
3258.552938,1,18464.362146,False,500
3242.857553,1,18492.177304,False,500
3271.485994,1,18519.853924,False,500
40000,1,18525.953303,True,102
3242.008653,1,18553.897927,False,500
40000,1,18560.005915,True,102
40000,1,18566.0848,True,102
3223.906939,1,18593.778771,False,500
40000,1,18600.820606,True,121
40000,1,18609.370189,True,145
40000,1,18615.356399,True,102
40000,1,18621.34108,True,102
3235.981114,1,18642.08437,False,500
40000,1,18648.128402,True,102
40000,1,18654.141473,True,102
3244.412435,1,18681.616031,False,500
40000,1,18687.84445,True,102
3214.539066,1,18715.189968,False,500
3230.167088,1,18742.862967,False,500
40000,1,18748.959291,True,102
40000,1,18766.169619,True,307
40000,1,18774.488623,True,193
40000,1,18782.87464,True,196
40000,1,18787.480695,True,102
40000,1,18803.050656,True,376
40000,1,18809.126025,True,102
3233.267655,1,18837.07928,False,500
3246.661518,1,18864.817856,False,500
3258.51257,1,18892.391896,False,500
40000,1,18898.428082,True,102
3250.483796,1,18925.784889,False,500
40000,1,18939.506003,True,327
40000,1,18955.911506,True,397
40000,1,18961.880421,True,102
40000,1,18969.101603,True,125
3174.286928,1,18997.172079,False,500
3223.482695,1,19024.824921,False,500
3260.535003,1,19052.394999,False,500
40000,1,19058.91056,True,126
3257.412343,1,19086.748762,False,500
40000,1,19106.338891,True,353
40000,1,19112.296036,True,102
3215.79686,1,19139.786493,False,500
40000,1,19144.404391,True,102
40000,1,19149.071099,True,102
3226.705703,1,19169.310984,False,500
3246.415724,1,19197.251642,False,500
40000,1,19203.408444,True,102
40000,1,19226.011049,True,411
40000,1,19232.083431,True,102
40000,1,19256.660404,True,439
3253.28484,1,19284.254214,False,500
40000,1,19290.32388,True,102
40000,1,19296.406292,True,102
3220.631432,1,19324.206081,False,500
3232.527647,1,19344.620994,False,500
3232.505194,1,19372.352537,False,500
40000,1,19389.418271,True,314
3262.438493,1,19417.217118,False,500
40000,1,19423.36068,True,102
3252.584465,1,19450.693082,False,500
3254.609016,1,19478.307374,False,500
40000,1,19495.38305,True,302
40000,1,19501.400282,True,102
3253.728038,1,19529.040982,False,500
40000,1,19540.515233,True,202
40000,1,19560.828578,True,361
40000,1,19565.50371,True,102
3237.251603,1,19591.394756,False,500
40000,1,19597.374391,True,102
40000,1,19602.016919,True,102
40000,1,19608.063093,True,139
40000,1,19614.120391,True,102
40000,1,19624.882583,True,189
3242.813112,1,19652.644742,False,500
40000,1,19658.720121,True,102
3252.218556,1,19686.549505,False,500
3241.082152,1,19714.510366,False,500
40000,1,19720.500409,True,102
40000,1,19732.699206,True,291
3230.917882,1,19753.310956,False,500
3250.627626,1,19777.757519,False,500
40000,1,19782.652112,True,102
3238.201064,1,19810.089965,False,500
40000,1,19816.074094,True,102
40000,1,19822.058852,True,102
3259.470332,1,19849.62946,False,500
3246.999731,1,19877.411345,False,500
40000,1,19882.099282,True,102
3246.060468,1,19902.27431,False,500
3242.965946,1,19930.204396,False,500
3254.273611,1,19957.719174,False,500
3240.878616,1,19982.072293,False,500
3251.872401,1,20002.781259,False,500
3270.88992,1,20023.230674,False,500
40000,1,20029.22279,True,102
3235.703311,1,20057.154984,False,500
3255.91778,1,20085.247018,False,500
40000,1,20091.237736,True,102
40000,1,20097.322827,True,102
40000,1,20103.398696,True,102
40000,1,20123.895249,True,364
3260.076324,1,20151.889435,False,500
40000,1,20157.866762,True,102
40000,1,20163.857557,True,102
40000,1,20170.353177,True,110
3248.448733,1,20197.839058,False,500
40000,1,20208.554203,True,188
40000,1,20213.211217,True,102
40000,1,20219.237106,True,102
3248.044117,1,20247.115288,False,500
40000,1,20264.127184,True,307
40000,1,20270.176013,True,102
3253.00881,1,20292.090265,False,500
40000,1,20314.960185,True,409
3231.935635,1,20342.750377,False,500
3265.230612,1,20370.229379,False,500
3252.573123,1,20397.384073,False,500
40000,1,20403.393756,True,102
3254.920522,1,20430.800333,False,500
3263.553923,1,20458.371687,False,500
40000,1,20464.395887,True,102
40000,1,20470.434489,True,102
40000,1,20491.091243,True,372
3242.288688,1,20518.784125,False,500
40000,1,20524.854299,True,102
40000,1,20530.882307,True,102
3255.990639,1,20558.626227,False,500
3243.438975,1,20586.126004,False,500
40000,1,20605.944516,True,354
40000,1,20614.057079,True,192
40000,1,20620.064578,True,102
40000,1,20625.979613,True,100
3267.004735,1,20653.64551,False,500
3258.117053,1,20674.395174,False,500
40000,1,20680.472994,True,102
40000,1,20691.86115,True,271
40000,1,20700.22864,True,196
3234.762553,1,20720.729428,False,500
40000,1,20736.830164,True,289
3224.177958,1,20764.119127,False,500
3249.321821,1,20791.552478,False,500
40000,1,20807.240926,True,281
40000,1,20832.398717,True,452
40000,1,20838.273997,True,99
3245.947802,1,20865.764324,False,500
40000,1,20870.473755,True,102
40000,1,20885.738495,True,372
40000,1,20901.356172,True,278
3234.386141,1,20928.999945,False,500
40000,1,20936.792373,True,180
40000,1,20942.777557,True,102
40000,1,20948.76231,True,102
3239.030662,1,20975.986993,False,500
3245.870618,1,21003.730527,False,500
40000,1,21009.757052,True,101
3257.051716,1,21037.6741,False,500
3232.225188,1,21065.442819,False,500
3248.344148,1,21093.14167,False,500
3237.892624,1,21120.717374,False,500
40000,1,21126.721924,True,102
3245.223687,1,21154.234765,False,500
40000,1,21160.301484,True,102
40000,1,21166.421876,True,102
40000,1,21180.359545,True,330
3201.723178,1,21200.633438,False,500
40000,1,21211.463848,True,189
3252.682084,1,21231.989056,False,500
40000,1,21243.075798,True,196
3245.942227,1,21263.820831,False,500
40000,1,21269.793749,True,102
40000,1,21284.31601,True,349
40000,1,21290.383939,True,102
2894.066397,1,21318.230039,False,500
3233.080634,1,21345.825528,False,500
40000,1,21364.203606,True,330
40000,1,21370.226405,True,102
40000,1,21387.118131,True,300
40000,1,21408.099224,True,375
40000,1,21414.097385,True,102
40000,1,21420.117358,True,102
40000,1,21424.833879,True,102
40000,1,21430.803537,True,102
3206.603879,1,21451.219226,False,500
3254.831836,1,21478.728246,False,500
40000,1,21484.747061,True,102
3245.908853,1,21512.399428,False,500
40000,1,21518.46327,True,102
40000,1,21536.561169,True,323
40000,1,21541.206263,True,102
40000,1,21552.886953,True,277
3253.095347,1,21576.155191,False,500
40000,1,21593.073845,True,301
40000,1,21599.304079,True,105
40000,1,21621.001455,True,388
3249.809301,1,21648.885309,False,500
3233.743142,1,21674.090243,False,500
3247.461415,1,21694.769492,False,500
3254.484251,1,21722.817695,False,500
40000,1,21733.716448,True,194
3244.28152,1,21761.015037,False,500
40000,1,21767.678748,True,114
3253.320184,1,21788.435296,False,500
3234.181902,1,21816.361368,False,500
40000,1,21827.306282,True,193
3257.042876,1,21854.84916,False,500
40000,1,21860.855533,True,102
3226.065994,1,21888.436836,False,500
40000,1,21896.967784,True,191
3231.426741,1,21924.267046,False,500
40000,1,21930.309896,True,102
3220.763455,1,21957.630662,False,500
40000,1,21962.315153,True,101
3229.297801,1,21990.021446,False,500
3257.843335,1,22017.960919,False,500
3251.664669,1,22038.258823,False,500
40000,1,22045.454544,True,124
40000,1,22050.031809,True,102
3187.671826,1,22078.007865,False,500
40000,1,22084.418293,True,108
2969.549138,1,22112.919543,False,500
3224.994514,1,22140.496217,False,500
40000,1,22146.490329,True,102
40000,1,22152.533202,True,102
40000,1,22168.833317,True,292
40000,1,22174.826046,True,102
3237.485099,1,22202.831365,False,500
40000,1,22218.945574,True,287
40000,1,22229.708658,True,189
40000,1,22245.364868,True,278
3255.616921,1,22272.627017,False,500
40000,1,22278.742078,True,102
3232.177636,1,22306.60059,False,500
3233.950713,1,22333.975771,False,500
40000,1,22342.224749,True,193
3252.262465,1,22370.019224,False,500
3235.562807,1,22397.86995,False,500
3229.431808,1,22425.504567,False,500
3229.48278,1,22453.273424,False,500
40000,1,22459.27536,True,102
40000,1,22465.243498,True,102
3243.711458,1,22492.659508,False,500
40000,1,22513.518334,True,378
40000,1,22519.468009,True,102
3238.650945,1,22540.150538,False,500
3258.250955,1,22568.122102,False,500
40000,1,22584.394336,True,291
3235.441552,1,22611.590977,False,500
3249.888907,1,22638.946665,False,500
40000,1,22644.959395,True,102
40000,1,22651.000505,True,102
40000,1,22655.70547,True,102
3245.873522,1,22683.041176,False,500
40000,1,22700.110101,True,308
40000,1,22706.154064,True,102
40000,1,22730.857003,True,448
3252.099115,1,22758.466605,False,500
40000,1,22769.315082,True,193
3243.344288,1,22789.77251,False,500
40000,1,22808.335783,True,330
3260.886301,1,22835.949905,False,500
3257.99829,1,22863.864931,False,500
40000,1,22869.94704,True,102
3244.181409,1,22897.69093,False,500
40000,1,22903.660733,True,102
40000,1,22925.977195,True,400
3243.598352,1,22953.906289,False,500
40000,1,22966.784012,True,226
3241.658583,1,22994.318438,False,500
40000,1,23000.36688,True,102
40000,1,23014.123161,True,334
3256.318198,1,23034.873757,False,500
40000,1,23040.86291,True,102
40000,1,23045.448463,True,102
3250.766975,1,23065.787273,False,500
3231.340747,1,23093.411786,False,500
40000,1,23099.515553,True,102
3249.295977,1,23127.153192,False,500
3255.779988,1,23154.544924,False,500
3235.687958,1,23182.156857,False,500
3244.709154,1,23209.951429,False,500
40000,1,23215.997753,True,102
3025.914002,1,23244.086497,False,500
40000,1,23250.180044,True,102
40000,1,23256.29473,True,104
3232.486635,1,23283.988915,False,500
3251.559318,1,23304.757441,False,500
40000,1,23310.838589,True,102
40000,1,23321.48141,True,189
3241.054378,1,23348.905529,False,500
40000,1,23353.533968,True,102
40000,1,23359.443149,True,102
40000,1,23365.308964,True,100
40000,1,23372.343929,True,121
3258.696693,1,23400.106973,False,500
40000,1,23406.091951,True,102
40000,1,23412.094252,True,102
40000,1,23418.07009,True,102
40000,1,23424.082504,True,102
3257.468225,1,23451.513144,False,500
40000,1,23457.59646,True,102
3245.532128,1,23481.761298,False,500
40000,1,23487.777378,True,102
40000,1,23508.295767,True,366
40000,1,23514.396684,True,102
3257.384205,1,23541.788608,False,500
40000,1,23562.771957,True,374
3233.30234,1,23590.554247,False,500
40000,1,23596.704624,True,103
40000,1,23616.15235,True,350
3254.296321,1,23643.546842,False,500
40000,1,23651.241122,True,134
40000,1,23655.807773,True,101
3252.929431,1,23683.259379,False,500
3264.152249,1,23710.754381,False,500
3255.423058,1,23738.096191,False,500
3233.487591,1,23765.89861,False,500
3239.925181,1,23786.285316,False,500
40000,1,23792.284039,True,102
40000,1,23800.167092,True,138
40000,1,23806.160816,True,102
40000,1,23818.594823,True,294
40000,1,23824.638403,True,102
40000,1,23830.692054,True,102
40000,1,23836.675435,True,102
40000,1,23841.272159,True,102
40000,1,23847.416708,True,102
40000,1,23853.454079,True,102
40000,1,23859.553109,True,102
40000,1,23865.494575,True,102
3248.707381,1,23886.146264,False,500
3223.541166,1,23913.511588,False,500
3261.41531,1,23933.857134,False,500
40000,1,23949.363806,True,275
3244.510543,1,23977.257148,False,500
3237.559471,1,24004.944339,False,500
3248.422038,1,24032.940044,False,500
3252.455638,1,24060.879229,False,500
40000,1,24071.567883,True,190
40000,1,24083.493169,True,209
40000,1,24089.597106,True,102
3262.083042,1,24117.136686,False,500
3231.154217,1,24137.433431,False,500
40000,1,24143.468554,True,102
3245.210572,1,24171.258876,False,500
40000,1,24177.349625,True,102
3265.219878,1,24199.001422,False,500
40000,1,24215.709551,True,296
3257.393949,1,24243.451199,False,500
40000,1,24249.400959,True,100
3239.577484,1,24276.932406,False,500
40000,1,24283.839401,True,119
40000,1,24289.899493,True,102
3254.138936,1,24317.668996,False,500
40000,1,24335.77979,True,446
3232.506848,1,24356.165788,False,500
3248.60167,1,24383.721971,False,500
40000,1,24389.717792,True,102
3244.689452,1,24412.368558,False,500
40000,1,24433.393521,True,377
3250.328877,1,24460.989473,False,500
3248.720064,1,24488.623929,False,500
3230.840133,1,24508.923049,False,500
3234.985588,1,24536.702084,False,500
40000,1,24541.320575,True,102
40000,1,24547.312443,True,102
40000,1,24553.370401,True,102
40000,1,24559.336307,True,102
40000,1,24565.868234,True,111
3229.395586,1,24593.368296,False,500
40000,1,24610.345238,True,301
40000,1,24616.411112,True,102
3227.877427,1,24636.820826,False,500
40000,1,24642.77832,True,102
3248.053246,1,24670.20584,False,500
40000,1,24677.382469,True,122
40000,1,24695.958986,True,330
3258.482647,1,24723.7361,False,500
40000,1,24728.458141,True,102
40000,1,24734.528508,True,102
40000,1,24739.123693,True,102
40000,1,24746.185172,True,122
40000,1,24752.288971,True,102
40000,1,24758.368151,True,102
40000,1,24765.484832,True,123
3231.742664,1,24793.055764,False,500
40000,1,24801.384468,True,194
40000,1,24807.360492,True,102
40000,1,24813.385372,True,101
40000,1,24832.746176,True,349
40000,1,24852.551583,True,359
40000,1,24857.230563,True,102
40000,1,24863.270594,True,102
3258.239169,1,24890.823885,False,500
40000,1,24896.849145,True,102
3260.89571,1,24924.280431,False,500
3259.212078,1,24952.114257,False,500
40000,1,24958.174873,True,102
3229.925706,1,24985.630234,False,500
3258.333192,1,25012.591948,False,500
3232.609865,1,25033.112773,False,500
40000,1,25054.061554,True,375
40000,1,25058.725066,True,102
3233.288619,1,25086.050392,False,500
3247.649674,1,25113.376076,False,500
40000,1,25130.205582,True,302
3257.727672,1,25150.793709,False,500
3261.339415,1,25178.68041,False,500
40000,1,25186.27552,True,127
3227.70743,1,25213.914899,False,500
40000,1,25218.578009,True,102
3168.021935,1,25246.182087,False,500
3262.569259,1,25273.933119,False,500
3240.619031,1,25301.65674,False,500
40000,1,25312.621933,True,194
40000,1,25318.753278,True,102
40000,1,25324.775764,True,102
3198.817372,1,25352.024185,False,500
40000,1,25357.940364,True,101
3243.201897,1,25378.413885,False,500
3221.051572,1,25398.690379,False,500
3240.160208,1,25419.24312,False,500
40000,1,25427.570333,True,195
40000,1,25433.668534,True,102
40000,1,25442.483005,True,154
3254.223801,1,25463.135533,False,500
3245.966511,1,25483.887956,False,500
3242.70751,1,25504.733532,False,500
3227.31733,1,25528.235045,False,500
40000,1,25550.396312,True,402
40000,1,25556.449739,True,102
3263.68549,1,25576.854053,False,500
40000,1,25581.473931,True,102
40000,1,25587.506912,True,102
3236.628541,1,25614.817529,False,500
40000,1,25619.612959,True,102
40000,1,25625.644388,True,102
3255.98447,1,25653.260246,False,500
40000,1,25659.336318,True,102
40000,1,25665.33454,True,102
40000,1,25684.063787,True,338
40000,1,25696.743847,True,299
3239.685591,1,25717.529812,False,500
40000,1,25722.143014,True,102
40000,1,25728.166161,True,102
40000,1,25739.132627,True,192
3246.188356,1,25767.012308,False,500
40000,1,25773.078161,True,102
40000,1,25788.606081,True,372
40000,1,25796.304694,True,137
40000,1,25803.317752,True,121
3236.563272,1,25830.712155,False,500
40000,1,25835.392071,True,102
3233.307912,1,25862.724576,False,500
3252.404396,1,25890.426857,False,500
40000,1,25896.514827,True,102
40000,1,25917.444673,True,377
40000,1,25928.489875,True,194
3253.15406,1,25955.893527,False,500
3269.183234,1,25983.924971,False,500
40000,1,26008.931906,True,446
40000,1,26014.924539,True,102
40000,1,26020.915237,True,102
40000,1,26026.977188,True,102
3174.38189,1,26054.554938,False,500
40000,1,26060.619415,True,102
40000,1,26066.837607,True,102
3229.464471,1,26094.301063,False,500
3263.277636,1,26122.090951,False,500
3248.427952,1,26150.073954,False,500
40000,1,26164.219013,True,339
40000,1,26184.727548,True,371
40000,1,26205.393617,True,375
3243.982457,1,26232.858258,False,500
3227.103541,1,26260.095306,False,500
40000,1,26266.122508,True,102
40000,1,26272.130731,True,102
3232.285931,1,26299.791731,False,500
3221.380276,1,26320.246747,False,500
40000,1,26324.866676,True,102
40000,1,26330.863449,True,102
3229.033462,1,26358.267276,False,500
40000,1,26374.515318,True,293
40000,1,26379.147927,True,102
40000,1,26383.778314,True,102
40000,1,26388.456381,True,102
40000,1,26394.435179,True,102
3250.277013,1,26422.008157,False,500
40000,1,26428.100239,True,102
3238.849767,1,26451.405426,False,500
3248.192805,1,26479.20567,False,500
3262.113404,1,26507.043355,False,500
40000,1,26513.164528,True,102
40000,1,26519.160769,True,102
40000,1,26525.1545,True,102
40000,1,26542.396822,True,310
40000,1,26548.503562,True,102
3259.312935,1,26569.231022,False,500
3266.629414,1,26596.695001,False,500
3256.136505,1,26624.684775,False,500
40000,1,26630.761808,True,102
3260.08882,1,26658.557237,False,500
40000,1,26664.603025,True,102
40000,1,26670.324215,True,129
40000,1,26676.32136,True,102
3255.859028,1,26703.922491,False,500
3249.05537,1,26731.446519,False,500
3232.444766,1,26751.831092,False,500
40000,1,26756.449209,True,102
40000,1,26761.043426,True,102
3250.254032,1,26781.677744,False,500
40000,1,26787.676823,True,102
3240.515187,1,26815.083485,False,500
3238.536486,1,26842.416342,False,500
40000,1,26866.645577,True,443
3247.871924,1,26887.167206,False,500
40000,1,26893.270095,True,102
3239.393082,1,26920.977678,False,500
40000,1,26927.061047,True,102
40000,1,26938.168042,True,196
3234.309073,1,26965.443959,False,500
3245.429267,1,26985.732828,False,500
40000,1,26991.783888,True,101
3193.274687,1,27019.498768,False,500
40000,1,27025.494364,True,102
40000,1,27042.919739,True,315
3165.890309,1,27070.858352,False,500
3239.693511,1,27098.498758,False,500
3263.529167,1,27126.169412,False,500
3232.795088,1,27153.588598,False,500
40000,1,27158.266932,True,102
40000,1,27162.896887,True,102
3245.702119,1,27190.185357,False,500
3246.384226,1,27217.987106,False,500
40000,1,27224.003579,True,102
3254.166184,1,27251.442679,False,500
40000,1,27256.143454,True,102
3266.524854,1,27277.922036,False,500
3258.7135,1,27305.409034,False,500
40000,1,27325.90715,True,370
40000,1,27331.842374,True,101
3258.02108,1,27359.434508,False,500
40000,1,27366.028889,True,113
3258.517064,1,27393.582143,False,500
3239.440639,1,27421.111777,False,500
40000,1,27427.157655,True,102
40000,1,27433.253611,True,102
40000,1,27437.856634,True,102
40000,1,27442.812567,True,111
40000,1,27458.024996,True,369
3234.200981,1,27485.580536,False,500
40000,1,27491.632859,True,102
3232.677171,1,27511.890922,False,500
3248.455092,1,27539.456953,False,500
40000,1,27545.51641,True,102
3244.42431,1,27573.331053,False,500
3233.276299,1,27600.880804,False,500
40000,1,27613.632615,True,308
40000,1,27632.21992,True,330
40000,1,27638.309372,True,102
40000,1,27644.319218,True,102
40000,1,27664.718664,True,368
40000,1,27670.713584,True,102
3230.22778,1,27698.109578,False,500
40000,1,27715.628114,True,315
3260.229477,1,27736.407867,False,500
40000,1,27755.824325,True,351
3237.416113,1,27783.606303,False,500
40000,1,27789.693716,True,102
40000,1,27795.687387,True,102
3245.022878,1,27823.259966,False,500
40000,1,27834.202117,True,189
40000,1,27840.316753,True,104
3233.725691,1,27867.792828,False,500
40000,1,27886.224956,True,333
40000,1,27892.210638,True,102
40000,1,27904.712523,True,221
40000,1,27910.730395,True,102
3267.595654,1,27938.78789,False,500
3260.256888,1,27966.372194,False,500
40000,1,27986.677028,True,362
40000,1,27992.688825,True,102
40000,1,27998.990378,True,107
3163.40997,1,28026.718651,False,500
3260.64087,1,28054.405911,False,500
40000,1,28059.775603,True,120
3236.313987,1,28087.091454,False,500
40000,1,28093.240296,True,102
3009.640181,1,28121.16876,False,500
3262.470195,1,28148.713855,False,500
3262.524644,1,28169.148995,False,500
40000,1,28175.203906,True,102
3249.593516,1,28202.817481,False,500
40000,1,28208.902806,True,102
3238.053215,1,28236.369477,False,500
3251.075054,1,28264.244395,False,500
3262.660192,1,28291.868914,False,500
40000,1,28297.918906,True,102
40000,1,28302.447917,True,99
40000,1,28316.134811,True,322
3248.56379,1,28343.530897,False,500
40000,1,28349.499255,True,102
3250.476473,1,28377.32896,False,500
3221.184156,1,28404.836948,False,500
3252.00957,1,28432.795625,False,500
3235.424405,1,28460.506823,False,500
3259.281129,1,28480.836146,False,500
3252.608223,1,28508.462121,False,500
40000,1,28514.510882,True,102
40000,1,28520.521801,True,102
3229.119269,1,28548.167878,False,500
40000,1,28554.509625,True,108
3247.369557,1,28582.343104,False,500
40000,1,28588.420778,True,102
40000,1,28608.855331,True,362
3238.810221,1,28636.769261,False,500
40000,1,28642.829032,True,102
40000,1,28650.660702,True,135
40000,1,28656.726606,True,102
3257.763858,1,28684.136345,False,500
40000,1,28690.507515,True,108
3234.809977,1,28718.047315,False,500
3173.631973,1,28745.904661,False,500
40000,1,28764.19236,True,329
40000,1,28770.183542,True,102
40000,1,28776.273287,True,102
3197.449865,1,28803.95662,False,500
40000,1,28810.010242,True,102
40000,1,28816.07446,True,102
3262.212075,1,28843.874373,False,500
3247.127264,1,28871.522218,False,500
40000,1,28877.579669,True,102
40000,1,28883.66252,True,102
3255.135847,1,28911.093725,False,500
3221.55064,1,28938.761294,False,500
40000,1,28943.408462,True,102
3255.695271,1,28970.706312,False,500
40000,1,28976.700283,True,102
3236.411152,1,29004.108967,False,500
3231.446984,1,29032.119526,False,500
3247.037412,1,29060.139391,False,500
40000,1,29066.211577,True,102
40000,1,29084.787953,True,334
3241.844631,1,29105.298103,False,500
40000,1,29111.288723,True,102
40000,1,29117.294493,True,102
40000,1,29123.368734,True,102
3232.142889,1,29151.285422,False,500
3229.273406,1,29179.054384,False,500
40000,1,29183.715955,True,102
3145.711466,1,29211.713212,False,500
40000,1,29217.770137,True,102
40000,1,29223.84381,True,102
3261.004478,1,29251.803887,False,500
40000,1,29257.866472,True,101
40000,1,29275.983836,True,328
40000,1,29282.004829,True,102
40000,1,29288.149721,True,102
40000,1,29294.195372,True,102
3262.848789,1,29321.879429,False,500
40000,1,29327.854668,True,102
40000,1,29333.932803,True,102
3238.764619,1,29354.157716,False,500
40000,1,29367.046243,True,228
40000,1,29373.124654,True,102
3258.966381,1,29393.737603,False,500
40000,1,29406.521677,True,304
40000,1,29427.20922,True,371
40000,1,29436.372552,True,212
40000,1,29447.444586,True,196
40000,1,29466.644767,True,441
40000,1,29483.456302,True,300
3233.887694,1,29511.342218,False,500
40000,1,29517.474976,True,102
3249.567716,1,29538.193442,False,500
40000,1,29560.812186,True,405
40000,1,29574.46969,True,329
3256.985668,1,29601.973279,False,500
3215.070118,1,29629.939123,False,500
40000,1,29635.992621,True,102
3232.639802,1,29656.683638,False,500
40000,1,29662.720742,True,102
40000,1,29668.929778,True,102
40000,1,29679.863806,True,193
3239.452237,1,29707.131145,False,500
40000,1,29713.218167,True,102
40000,1,29719.341645,True,102
40000,1,29725.357897,True,102
3239.819435,1,29745.827183,False,500
3250.761211,1,29773.783565,False,500
40000,1,29779.244242,True,121
3248.218308,1,29806.689314,False,500
40000,1,29814.334282,True,130
40000,1,29819.005168,True,102
3251.648826,1,29841.904506,False,500
40000,1,29847.046386,True,112
40000,1,29853.012283,True,102
40000,1,29859.10622,True,102
40000,1,29865.127787,True,102
3245.096661,1,29892.680976,False,500
40000,1,29898.707028,True,101
40000,1,29904.771499,True,102
40000,1,29910.85579,True,102
3230.668016,1,29938.424334,False,500
40000,1,29944.537641,True,102
40000,1,29950.595889,True,102
40000,1,29957.265559,True,113
3245.695407,1,29977.763711,False,500
3237.637109,1,30005.193693,False,500
40000,1,30010.420595,True,116
40000,1,30034.280439,True,434
3258.353946,1,30055.207777,False,500
3241.52169,1,30083.102212,False,500
3260.750887,1,30103.858973,False,500
3224.556038,1,30124.575238,False,500
3223.326091,1,30152.32414,False,500
40000,1,30173.677603,True,381
3239.63123,1,30193.850704,False,500
3262.962425,1,30221.206988,False,500
3254.79517,1,30248.758181,False,500
40000,1,30254.780222,True,102
40000,1,30259.468121,True,102
3211.067294,1,30287.236923,False,500
40000,1,30293.287127,True,102
40000,1,30298.420824,True,113
40000,1,30304.472946,True,102
3170.634501,1,30332.261283,False,500
40000,1,30338.398342,True,102
40000,1,30344.437177,True,102
40000,1,30350.480388,True,102
40000,1,30356.547345,True,102
3240.939474,1,30384.16959,False,500
40000,1,30400.478089,True,290
3243.666251,1,30421.215347,False,500
3246.529436,1,30444.024395,False,500
3254.93183,1,30471.742768,False,500
40000,1,30477.885153,True,102
3256.527741,1,30498.878869,False,500
3244.797859,1,30526.411889,False,500
3249.605168,1,30547.221737,False,500
3253.803965,1,30574.579657,False,500
3239.593258,1,30595.147969,False,500
3257.219184,1,30622.524917,False,500
3254.0276,1,30650.027515,False,500
3237.887659,1,30677.974113,False,500
3231.44547,1,30705.621137,False,500
40000,1,30710.240808,True,102
2933.119449,1,30738.522819,False,500
3253.636468,1,30766.050824,False,500
3251.557869,1,30793.898467,False,500
3249.50185,1,30814.503649,False,500
40000,1,30820.512082,True,102
3236.86776,1,30848.287967,False,500
40000,1,30852.979584,True,102
3210.868103,1,30873.609971,False,500
3227.758657,1,30901.263774,False,500
3249.252537,1,30928.774354,False,500
40000,1,30938.776893,True,174
40000,1,30956.947265,True,327
40000,1,30963.067539,True,102
40000,1,30978.864174,True,318
3151.115953,1,31006.349105,False,500
40000,1,31012.423233,True,102
40000,1,31037.018218,True,444
40000,1,31052.97104,True,279
40000,1,31070.56134,True,308
40000,1,31076.693793,True,102
40000,1,31082.864945,True,102
40000,1,31088.883168,True,102
40000,1,31112.822533,True,426
3247.542786,1,31140.515739,False,500
40000,1,31154.540764,True,335
3224.603722,1,31181.95198,False,500
3248.208048,1,31209.724084,False,500
3246.665565,1,31237.265949,False,500
40000,1,31243.313277,True,102
40000,1,31249.325566,True,101
3235.484738,1,31276.856062,False,500
40000,1,31282.877904,True,102
40000,1,31293.888779,True,194
40000,1,31305.669016,True,206
3256.474385,1,31333.784562,False,500
40000,1,31339.848438,True,102
40000,1,31346.186861,True,106
40000,1,31351.683196,True,118
3247.567152,1,31372.671179,False,500
40000,1,31379.095873,True,109
40000,1,31398.105202,True,346
40000,1,31404.219504,True,102
3257.997259,1,31431.932672,False,500
3261.021882,1,31459.486247,False,500
40000,1,31464.137752,True,102
3244.804714,1,31491.882425,False,500
40000,1,31497.854477,True,102
40000,1,31503.815327,True,102
40000,1,31509.1803,True,119
3247.254347,1,31536.583075,False,500
40000,1,31542.593848,True,102
40000,1,31561.059433,True,328
3259.228858,1,31588.604288,False,500
40000,1,31593.233286,True,102
40000,1,31597.855139,True,102
40000,1,31616.866381,True,341
40000,1,31641.209063,True,445
40000,1,31647.238741,True,101
40000,1,31664.960419,True,425
40000,1,31671.055938,True,102
3251.790582,1,31698.88456,False,500
3248.205379,1,31726.725832,False,500
3228.924746,1,31754.185368,False,500
40000,1,31760.237602,True,102
40000,1,31766.255275,True,102
3249.550652,1,31786.739594,False,500
40000,1,31792.795962,True,102
3229.176269,1,31820.67454,False,500
40000,1,31826.762095,True,102
40000,1,31831.407041,True,102
40000,1,31837.386659,True,102
40000,1,31841.981559,True,102
40000,1,31847.824572,True,99
3243.253319,1,31875.534525,False,500
40000,1,31886.556195,True,193
40000,1,31892.994889,True,110
3236.267563,1,31913.732884,False,500
40000,1,31919.911597,True,102
3254.942747,1,31940.582775,False,500
3229.989814,1,31961.029507,False,500
40000,1,31965.67925,True,102
40000,1,31978.691432,True,311
3238.783642,1,31999.196258,False,500
40000,1,32019.075145,True,360
40000,1,32025.186627,True,102
40000,1,32031.197196,True,102
3258.361025,1,32058.594547,False,500
40000,1,32079.607434,True,378
3232.171799,1,32107.154286,False,500
40000,1,32118.189985,True,194
40000,1,32124.271015,True,102
40000,1,32130.230983,True,102
40000,1,32136.275144,True,102
40000,1,32140.873785,True,102
2921.286632,1,32169.089542,False,500
3254.944425,1,32189.385675,False,500
3265.463894,1,32216.860213,False,500
3243.815909,1,32244.761599,False,500
40000,1,32249.681477,True,102
3245.351962,1,32277.558674,False,500
40000,1,32283.615165,True,102
40000,1,32289.665502,True,102
3242.032739,1,32311.915269,False,500
3252.358678,1,32339.713707,False,500
40000,1,32345.740874,True,102
3239.923305,1,32366.200377,False,500
40000,1,32370.905903,True,102
40000,1,32376.905949,True,102
3239.689927,1,32404.870046,False,500
3238.523885,1,32432.222383,False,500
40000,1,32438.167631,True,102
40000,1,32444.194266,True,102
3236.434384,1,32464.718246,False,500
40000,1,32471.483786,True,114
40000,1,32476.179817,True,102
40000,1,32480.837721,True,102
3270.707845,1,32508.57773,False,500
40000,1,32524.98536,True,293
40000,1,32530.966961,True,102
3242.125315,1,32558.878987,False,500
40000,1,32563.549314,True,101
40000,1,32580.509334,True,301
40000,1,32586.479347,True,100
40000,1,32592.469046,True,102
40000,1,32598.459697,True,102
40000,1,32622.706129,True,441
3235.438439,1,32650.709566,False,500
40000,1,32656.82072,True,102
40000,1,32662.964589,True,102
40000,1,32685.60223,True,403
3265.953149,1,32706.217052,False,500
40000,1,32710.887952,True,102
2959.278008,1,32738.556796,False,500
3236.584665,1,32766.328614,False,500
40000,1,32772.542545,True,102
3237.68694,1,32793.949136,False,500
3252.781529,1,32820.872763,False,500
3257.443,1,32849.682149,False,500
40000,1,32854.41747,True,102
40000,1,32862.772125,True,195
40000,1,32868.76493,True,102
40000,1,32873.255788,True,99
40000,1,32879.300532,True,102
40000,1,32885.34754,True,102
3247.05191,1,32905.97396,False,500
3257.636289,1,32926.547419,False,500
40000,1,32944.793174,True,324
40000,1,32950.824485,True,102
3030.064742,1,32972.982919,False,500
40000,1,32983.904787,True,192
3223.040628,1,33011.544494,False,500
40000,1,33017.56516,True,102
40000,1,33023.539783,True,101
3236.226544,1,33051.211774,False,500
3236.553716,1,33078.72267,False,500
40000,1,33084.80408,True,102
3221.470945,1,33112.230014,False,500
3264.32401,1,33133.15948,False,500
40000,1,33137.791055,True,102
40000,1,33158.209033,True,366
3255.107818,1,33178.756248,False,500
3230.918916,1,33206.50957,False,500
3254.215866,1,33234.205496,False,500
40000,1,33238.944372,True,102
40000,1,33244.086596,True,113
40000,1,33250.214035,True,102
40000,1,33256.189066,True,102
3230.607886,1,33284.010822,False,500
3259.24212,1,33308.271792,False,500
3243.722899,1,33335.821512,False,500
3244.874456,1,33363.328306,False,500
40000,1,33381.421251,True,326
40000,1,33387.442858,True,102
40000,1,33392.081031,True,102
40000,1,33396.717517,True,102
40000,1,33413.339902,True,294
40000,1,33419.440499,True,102
40000,1,33425.518207,True,102
3227.913384,1,33453.00764,False,500
40000,1,33471.231185,True,326
40000,1,33490.188757,True,341
40000,1,33496.198591,True,102
40000,1,33502.363296,True,102
3232.870731,1,33523.013371,False,500
3250.480006,1,33543.70733,False,500
40000,1,33550.287966,True,111
40000,1,33556.302594,True,102
40000,1,33567.268045,True,194
40000,1,33571.986897,True,102
3263.180321,1,33592.752104,False,500
40000,1,33598.780445,True,102
3245.056993,1,33626.31894,False,500
3222.49717,1,33653.427192,False,500
3224.547739,1,33680.877988,False,500
40000,1,33686.90999,True,102
40000,1,33703.455273,True,296
3236.69753,1,33731.334063,False,500
40000,1,33737.37828,True,102
3227.471697,1,33765.158626,False,500
3242.528632,1,33792.671377,False,500
40000,1,33798.76553,True,102
3227.593847,1,33826.563039,False,500
3261.311113,1,33846.881536,False,500
40000,1,33852.878914,True,102
3224.453674,1,33880.631649,False,500
40000,1,33886.549509,True,99
2988.777073,1,33907.500436,False,500
3247.653879,1,33935.374142,False,500
40000,1,33941.463877,True,102
40000,1,33947.496161,True,102
40000,1,33954.024841,True,112
3236.305402,1,33981.452289,False,500
40000,1,33995.026017,True,321
40000,1,34001.018635,True,102
3230.014498,1,34021.521343,False,500
3227.753485,1,34048.924937,False,500
3252.877266,1,34069.587368,False,500
3235.314224,1,34090.016446,False,500
40000,1,34094.639607,True,102
3242.296445,1,34122.029542,False,500
40000,1,34133.032061,True,193
3242.977175,1,34160.708328,False,500
3214.642292,1,34188.351902,False,500
3225.247486,1,34215.884086,False,500
3250.936702,1,34243.866033,False,500
40000,1,34249.930261,True,102
3245.829382,1,34277.443102,False,500
3252.098296,1,34304.993915,False,500
40000,1,34309.608886,True,102
40000,1,34315.607805,True,101
40000,1,34321.625841,True,102
40000,1,34327.521168,True,99
40000,1,34333.562168,True,102
3226.200908,1,34361.380105,False,500
40000,1,34367.473285,True,102
3262.104684,1,34395.533329,False,500
40000,1,34400.120353,True,101
40000,1,34406.163237,True,102
40000,1,34410.823084,True,102
40000,1,34416.904773,True,102
3243.619608,1,34437.196582,False,500
3254.676185,1,34457.514294,False,500
40000,1,34462.118361,True,102
40000,1,34468.719646,True,114
40000,1,34473.331579,True,102
40000,1,34493.881442,True,372
3227.980231,1,34521.340779,False,500
3225.204612,1,34548.610331,False,500
40000,1,34565.931387,True,313
40000,1,34571.432701,True,102
40000,1,34577.423978,True,102
40000,1,34582.068655,True,102
3234.766151,1,34602.640596,False,500
3245.298587,1,34630.066807,False,500
3248.453311,1,34657.535872,False,500
40000,1,34663.642866,True,102
40000,1,34669.706249,True,102
40000,1,34675.752207,True,100
40000,1,34681.793828,True,102
3225.663859,1,34702.678274,False,500
40000,1,34719.775838,True,306
40000,1,34725.788504,True,102
3258.377914,1,34746.563493,False,500
40000,1,34770.268716,True,421
40000,1,34781.226543,True,193
3251.688224,1,34809.06018,False,500
40000,1,34814.078462,True,108
3225.084025,1,34842.146902,False,500
40000,1,34849.205214,True,120
40000,1,34855.25298,True,102
40000,1,34861.252387,True,102
2941.514996,1,34889.385973,False,500
40000,1,34895.389082,True,102
3244.409357,1,34923.009859,False,500
40000,1,34929.002873,True,102
3180.929228,1,34956.285089,False,500
40000,1,34962.495916,True,102
40000,1,34968.558548,True,102
40000,1,34974.645402,True,102
3241.343623,1,34995.150665,False,500
3258.75903,1,35022.955786,False,500
40000,1,35029.811722,True,116
40000,1,35035.913111,True,102
3259.072721,1,35063.449632,False,500
40000,1,35069.460202,True,102
3230.052463,1,35096.954497,False,500
40000,1,35102.975047,True,102
40000,1,35108.941234,True,102
3247.769355,1,35136.464315,False,500
40000,1,35142.501405,True,102
40000,1,35148.500788,True,102
40000,1,35153.171774,True,102
3245.929668,1,35180.731333,False,500
40000,1,35193.347589,True,296
3255.376319,1,35221.22019,False,500
40000,1,35227.265437,True,102
40000,1,35233.288304,True,102
3236.697037,1,35253.781157,False,500
40000,1,35275.475924,True,392
3219.259865,1,35303.158438,False,500
3249.719062,1,35331.149505,False,500
3254.478012,1,35358.996028,False,500
3238.365236,1,35386.613517,False,500
40000,1,35397.441501,True,189
40000,1,35403.511775,True,102
3230.876817,1,35424.120275,False,500
3241.494078,1,35451.821693,False,500
40000,1,35457.900945,True,102
40000,1,35463.942948,True,102
3227.835971,1,35491.687118,False,500
40000,1,35497.731244,True,102
40000,1,35503.708567,True,102
40000,1,35509.749666,True,102
40000,1,35515.775002,True,102
40000,1,35521.921789,True,102
40000,1,35528.110899,True,104
40000,1,35534.160181,True,102
40000,1,35538.775756,True,102
40000,1,35544.639598,True,131
3262.59105,1,35565.853572,False,500
3229.797437,1,35586.662912,False,500
40000,1,35591.350758,True,102
40000,1,35597.391337,True,102
40000,1,35603.377637,True,102
40000,1,35609.346772,True,102
40000,1,35614.900984,True,102
40000,1,35620.958095,True,102
40000,1,35629.24801,True,194
40000,1,35633.834932,True,102
3240.296347,1,35661.261581,False,500
3230.881413,1,35688.851056,False,500
3259.165952,1,35716.583024,False,500
3225.362934,1,35744.297479,False,500
40000,1,35750.31677,True,102
2984.106227,1,35778.119686,False,500
40000,1,35784.192081,True,102
40000,1,35797.960212,True,327
3254.073961,1,35825.47737,False,500
40000,1,35831.497733,True,102
40000,1,35836.200876,True,102
40000,1,35842.277982,True,102
40000,1,35857.430976,True,272
40000,1,35862.561834,True,102
40000,1,35868.532265,True,102
40000,1,35874.546771,True,102
40000,1,35885.487603,True,194
3249.716074,1,35912.957512,False,500
3238.547745,1,35940.485693,False,500
3253.104692,1,35968.123116,False,500
40000,1,35974.138752,True,102
40000,1,35982.55575,True,194
40000,1,35987.238229,True,102
2969.227879,1,36015.238761,False,500
3250.129727,1,36042.843915,False,500
40000,1,36063.341111,True,364
3228.951215,1,36090.875888,False,500
40000,1,36112.401668,True,388
3249.527069,1,36132.994767,False,500
40000,1,36138.627368,True,102
40000,1,36147.354899,True,196
3258.440312,1,36168.189418,False,500
3241.163294,1,36195.9024,False,500
40000,1,36202.000938,True,102
40000,1,36209.066287,True,122
40000,1,36215.116245,True,102
40000,1,36226.291418,True,196
40000,1,36237.212208,True,193
40000,1,36242.451453,True,115
3249.073349,1,36269.872221,False,500
3267.019047,1,36297.970256,False,500
40000,1,36304.045651,True,102
3254.925222,1,36332.193928,False,500
3239.798749,1,36359.620737,False,500
3250.547093,1,36387.344383,False,500
40000,1,36399.050344,True,205
40000,1,36405.122014,True,102
2999.413676,1,36432.9747,False,500
3239.319019,1,36460.631694,False,500
40000,1,36477.229607,True,298
3233.974782,1,36505.154995,False,500
40000,1,36527.835887,True,411
40000,1,36533.857447,True,102
40000,1,36539.889568,True,102
3230.273054,1,36567.193573,False,500
3226.145628,1,36594.732238,False,500
40000,1,36599.438324,True,102
40000,1,36605.473433,True,102
40000,1,36611.496972,True,102
3244.087571,1,36639.299625,False,500
40000,1,36645.39516,True,102
40000,1,36651.450322,True,102
3242.799738,1,36672.199334,False,500
3259.451619,1,36700.085443,False,500
3259.080842,1,36727.749281,False,500
40000,1,36733.82009,True,102
2994.116227,1,36761.864289,False,500
3229.528691,1,36789.429418,False,500
40000,1,36796.022406,True,112
3199.961432,1,36823.353331,False,500
3238.893534,1,36850.840233,False,500
40000,1,36856.78226,True,101
40000,1,36862.879907,True,102
40000,1,36874.378137,True,200
40000,1,36880.468647,True,102
3253.485699,1,36908.392743,False,500
40000,1,36930.158682,True,393
40000,1,36946.61127,True,297
40000,1,36951.205832,True,100
40000,1,36957.264513,True,102
3198.391966,1,36984.628468,False,500
3240.157266,1,37012.327437,False,500
3224.83392,1,37040.245929,False,500
40000,1,37044.88407,True,102
40000,1,37050.923514,True,102
40000,1,37057.006899,True,102
3215.781108,1,37084.610352,False,500
3233.495832,1,37112.510453,False,500
40000,1,37117.198148,True,102
3222.1323,1,37144.731321,False,500
3218.983539,1,37172.171404,False,500
3228.456916,1,37199.660985,False,500
3257.103947,1,37220.084637,False,500
3250.501454,1,37247.643129,False,500
40000,1,37253.66028,True,102
40000,1,37259.640613,True,102
40000,1,37264.281211,True,102
3237.286191,1,37285.098521,False,500
40000,1,37293.676387,True,199
40000,1,37298.335443,True,102
3222.349088,1,37325.922206,False,500
40000,1,37332.691151,True,116
3233.518493,1,37360.23892,False,500
40000,1,37376.542745,True,306
3250.098893,1,37403.893791,False,500
40000,1,37408.588494,True,102
40000,1,37414.571531,True,102
3216.228685,1,37442.113915,False,500
3229.391849,1,37469.46505,False,500
3244.729292,1,37497.579029,False,500
3246.784543,1,37525.000203,False,500
3240.837319,1,37552.880641,False,500
3241.189844,1,37580.607481,False,500
40000,1,37587.284384,True,113
3247.386698,1,37615.247306,False,500
3228.227326,1,37642.753182,False,500
40000,1,37648.832878,True,102
40000,1,37654.845201,True,102
40000,1,37660.808267,True,101
3240.59431,1,37688.443858,False,500
3233.533364,1,37715.840139,False,500
40000,1,37723.701047,True,137
3258.73365,1,37751.237441,False,500
3221.005054,1,37779.0411,False,500
3255.693298,1,37806.976732,False,500
3251.039435,1,37834.562593,False,500
40000,1,37839.270507,True,102
40000,1,37845.286875,True,102
40000,1,37852.330505,True,121
40000,1,37857.053918,True,102
3234.37617,1,37877.411293,False,500
3253.561089,1,37898.055413,False,500
3246.162959,1,37926.014887,False,500
3258.305018,1,37953.943698,False,500
40000,1,37960.094594,True,102
40000,1,37966.219097,True,102
40000,1,37972.242534,True,102
3222.916035,1,37999.840195,False,500
40000,1,38005.875249,True,102
40000,1,38014.313133,True,196
3227.293888,1,38035.149082,False,500
40000,1,38039.773415,True,102
40000,1,38059.895503,True,358
40000,1,38068.480574,True,197
2929.520092,1,38096.460208,False,500
40000,1,38103.446298,True,117
3254.573787,1,38124.045428,False,500
3267.520484,1,38151.691415,False,500
40000,1,38156.649561,True,102
40000,1,38161.314975,True,102
40000,1,38167.350774,True,102
40000,1,38184.149359,True,304
3225.133974,1,38211.961921,False,500
40000,1,38218.140837,True,102
40000,1,38222.799558,True,102
3236.30129,1,38250.178809,False,500
3248.884259,1,38270.453145,False,500
40000,1,38275.072389,True,102
40000,1,38280.869153,True,102
2906.7321,1,38301.4872,False,500
3252.776865,1,38321.954948,False,500
40000,1,38326.524456,True,102
40000,1,38343.107918,True,295
40000,1,38366.539343,True,421
3225.21799,1,38394.14203,False,500
40000,1,38400.562022,True,108
3260.403269,1,38428.264344,False,500
3258.237243,1,38448.930109,False,500
40000,1,38454.979815,True,102
3250.40416,1,38482.630106,False,500
40000,1,38488.737586,True,102
40000,1,38495.362396,True,111
3247.890303,1,38523.084474,False,500
3225.370102,1,38550.686019,False,500
40000,1,38556.789464,True,102
3235.226455,1,38584.15845,False,500
40000,1,38590.137406,True,102
40000,1,38594.778658,True,102
3232.940471,1,38622.291566,False,500
3255.161101,1,38649.668538,False,500
40000,1,38656.115323,True,110
40000,1,38662.309954,True,105
3002.361908,1,38683.230281,False,500
40000,1,38689.457167,True,102
40000,1,38695.467746,True,102
40000,1,38701.525422,True,102
40000,1,38707.283733,True,131
40000,1,38712.015492,True,102
3212.839003,1,38739.52796,False,500
3232.911415,1,38766.940191,False,500
40000,1,38772.968384,True,102
40000,1,38779.098216,True,104
40000,1,38783.854571,True,102
3210.567371,1,38811.670769,False,500
40000,1,38832.587836,True,380
3254.638212,1,38860.417573,False,500
3246.35515,1,38888.120407,False,500
3260.173254,1,38908.499694,False,500
40000,1,38919.316037,True,192
3250.243579,1,38946.722948,False,500
40000,1,38952.828548,True,102
3230.434081,1,38980.34954,False,500
3259.603036,1,39008.298486,False,500
3227.140501,1,39035.79694,False,500
3225.184859,1,39056.471423,False,500
40000,1,39073.749933,True,303
40000,1,39098.77694,True,454
40000,1,39104.795128,True,102
3247.360566,1,39132.262282,False,500
40000,1,39138.31063,True,102
40000,1,39156.851919,True,333
40000,1,39170.410955,True,326
40000,1,39175.030374,True,102
3253.85255,1,39195.353326,False,500
40000,1,39201.884001,True,110
40000,1,39206.519944,True,102
40000,1,39212.520756,True,102
3246.275651,1,39240.040172,False,500
3245.850579,1,39267.476837,False,500
40000,1,39273.495504,True,102
40000,1,39278.137697,True,102
40000,1,39285.561249,True,127
3259.411952,1,39313.32967,False,500
40000,1,39326.052401,True,302
3252.317437,1,39346.654123,False,500
40000,1,39365.380573,True,335
40000,1,39371.356921,True,102
3044.191119,1,39399.186621,False,500
40000,1,39416.735789,True,314
3238.059186,1,39437.267377,False,500
40000,1,39441.942166,True,102
3245.410096,1,39462.52343,False,500
40000,1,39468.583276,True,102
3256.00597,1,39496.653482,False,500
40000,1,39507.999592,True,199
40000,1,39513.908494,True,101
40000,1,39529.729655,True,284
40000,1,39537.023253,True,126
3270.699375,1,39557.825362,False,500
40000,1,39563.818613,True,102
3225.832172,1,39591.584012,False,500
40000,1,39596.504505,True,102
40000,1,39602.479797,True,102
40000,1,39610.626746,True,142
3230.733066,1,39638.409219,False,500
40000,1,39644.495671,True,102
40000,1,39656.362931,True,278
40000,1,39660.961259,True,102
40000,1,39666.925844,True,102
40000,1,39673.508067,True,111
3254.679132,1,39701.478322,False,500
3238.848206,1,39729.020412,False,500
3243.439822,1,39756.483267,False,500
40000,1,39761.148136,True,102
40000,1,39767.325458,True,102
3253.927762,1,39787.576329,False,500
3224.824245,1,39815.476289,False,500
40000,1,39833.659148,True,324
3250.787887,1,39861.109287,False,500
40000,1,39867.250759,True,102
3008.143438,1,39894.813733,False,500
40000,1,39900.764759,True,102
40000,1,39907.586135,True,115
40000,1,39926.052421,True,331
40000,1,39934.218868,True,143
40000,1,39940.326917,True,102
40000,1,39960.12277,True,354
3255.738306,1,39987.884856,False,500
3250.404385,1,40008.352329,False,500
40000,1,40014.449482,True,102
40000,1,40019.052732,True,102
3236.731812,1,40046.641757,False,500
40000,1,40053.836043,True,122
3150.531859,1,40074.512237,False,500
40000,1,40086.505895,True,288
3253.244946,1,40106.803991,False,500
3214.809532,1,40134.258367,False,500
40000,1,40140.362599,True,102
40000,1,40145.142124,True,102
40000,1,40150.988927,True,100
3178.445332,1,40178.948004,False,500
3257.445408,1,40199.872384,False,500
3250.876473,1,40220.187069,False,500
3226.188947,1,40248.230722,False,500
3222.85434,1,40275.973538,False,500
3244.76599,1,40297.410164,False,500
3237.785551,1,40324.780818,False,500
3237.847409,1,40346.480075,False,500
3231.713439,1,40367.311755,False,500
40000,1,40373.278949,True,100
40000,1,40381.246206,True,138
40000,1,40402.490216,True,387
3248.443193,1,40429.962891,False,500
40000,1,40446.232407,True,289
40000,1,40452.302549,True,102
3181.254266,1,40480.458727,False,500
3254.498204,1,40500.838749,False,500
3250.730905,1,40528.552336,False,500
3248.116201,1,40555.918064,False,500
3234.49929,1,40583.591645,False,500
40000,1,40594.964561,True,202
3254.980361,1,40622.576864,False,500
40000,1,40627.237396,True,102
3245.606761,1,40655.037436,False,500
40000,1,40659.684233,True,102
3242.517816,1,40687.445801,False,500
3269.341994,1,40715.370735,False,500
40000,1,40728.280785,True,308
40000,1,40740.294248,True,286
40000,1,40746.301392,True,102
40000,1,40752.506691,True,102
40000,1,40758.796014,True,106
40000,1,40764.89454,True,102
40000,1,40770.999986,True,102
3259.068943,1,40791.685632,False,500
3225.357653,1,40819.533478,False,500
40000,1,40825.760898,True,102
3267.579005,1,40853.736093,False,500
40000,1,40859.720339,True,102
40000,1,40874.548292,True,360
40000,1,40879.152178,True,102
3242.558003,1,40906.707879,False,500
40000,1,40912.922101,True,102
40000,1,40919.012461,True,102
40000,1,40925.244612,True,106
2922.283371,1,40952.73731,False,500
40000,1,40959.642165,True,119
40000,1,40970.333827,True,188
40000,1,40976.337258,True,102
40000,1,40982.457849,True,102
40000,1,41000.432406,True,322
40000,1,41005.048033,True,102
40000,1,41009.708367,True,102
40000,1,41015.687443,True,102
3259.622406,1,41036.097375,False,500
40000,1,41040.711877,True,102
40000,1,41046.665655,True,102
40000,1,41052.700358,True,102
3249.961202,1,41080.46175,False,500
40000,1,41091.570565,True,193
40000,1,41098.413107,True,117
40000,1,41105.735756,True,124
40000,1,41112.272427,True,112
3243.666606,1,41133.183489,False,500
40000,1,41139.16283,True,102
3232.242099,1,41167.056875,False,500
3240.098525,1,41194.873646,False,500
3234.980452,1,41222.098644,False,500
3244.503635,1,41249.875602,False,500
40000,1,41254.490277,True,102
3256.603035,1,41282.104787,False,500
3243.572303,1,41303.229235,False,500
40000,1,41310.098142,True,117
40000,1,41316.154417,True,102
3253.416574,1,41336.930618,False,500
40000,1,41343.042742,True,102
3227.3585,1,41370.911766,False,500
3243.037596,1,41398.517333,False,500
40000,1,41417.13884,True,335
3266.407543,1,41445.082282,False,500
3263.590655,1,41465.888133,False,500
3248.028398,1,41493.34039,False,500
40000,1,41499.428217,True,102
40000,1,41505.615786,True,102
3263.600509,1,41533.371196,False,500
40000,1,41539.384801,True,101
40000,1,41559.798989,True,366
40000,1,41568.109979,True,195
40000,1,41574.269449,True,102
40000,1,41580.265746,True,102
3229.717838,1,41608.189591,False,500
3225.071695,1,41632.66834,False,500
40000,1,41645.41758,True,307
3266.245112,1,41665.887171,False,500
40000,1,41670.514262,True,102
3231.803706,1,41691.15179,False,500
3227.194773,1,41718.977284,False,500
40000,1,41724.975552,True,102
3212.981073,1,41752.886143,False,500
3230.988807,1,41780.445119,False,500
3243.946982,1,41808.24221,False,500
40000,1,41814.235735,True,102
40000,1,41836.654046,True,408
40000,1,41842.615072,True,100
40000,1,41848.638589,True,102
40000,1,41869.037422,True,369
40000,1,41873.712698,True,102
2767.835149,1,41895.645235,False,500
3230.95718,1,41915.93846,False,500
40000,1,41921.861896,True,100
40000,1,41927.844153,True,102
40000,1,41933.928721,True,102
3239.306201,1,41961.744212,False,500
3233.048171,1,41989.316948,False,500
3260.321258,1,42009.836956,False,500
3260.498396,1,42030.602258,False,500
3238.638731,1,42057.820951,False,500
3239.840388,1,42078.408906,False,500
40000,1,42090.015193,True,273
40000,1,42095.963556,True,102
40000,1,42101.952376,True,102
3233.887705,1,42122.345363,False,500
40000,1,42128.421311,True,102
3234.125555,1,42155.939162,False,500
40000,1,42177.196151,True,383
3248.653475,1,42204.623913,False,500
40000,1,42218.075852,True,321
40000,1,42224.051455,True,102
3260.011344,1,42244.79238,False,500
40000,1,42262.795377,True,324
3257.321693,1,42290.28247,False,500
3264.559561,1,42317.991284,False,500
40000,1,42324.036254,True,102
3246.684823,1,42351.536088,False,500
3243.913072,1,42371.985924,False,500
40000,1,42391.251137,True,346
3229.290725,1,42419.013837,False,500
40000,1,42429.703566,True,187
40000,1,42435.832765,True,102
40000,1,42440.490961,True,102
40000,1,42446.729628,True,102
40000,1,42451.416347,True,102
40000,1,42457.451595,True,102
40000,1,42472.573542,True,270
40000,1,42483.337409,True,190
40000,1,42501.338716,True,440
3247.392935,1,42528.643795,False,500
40000,1,42541.495681,True,225
40000,1,42548.499036,True,119
40000,1,42553.177185,True,102
3132.351848,1,42573.948629,False,500
3255.820071,1,42601.411393,False,500
40000,1,42607.463756,True,102
40000,1,42613.496001,True,102
3004.272739,1,42641.5907,False,500
40000,1,42647.64839,True,102
40000,1,42653.66247,True,102
3242.84005,1,42674.856681,False,500
40000,1,42693.10956,True,446
40000,1,42697.71073,True,102
40000,1,42702.279956,True,101
40000,1,42708.411307,True,102
3235.666123,1,42729.391308,False,500
3259.884557,1,42757.03379,False,500
3238.37874,1,42784.559926,False,500
40000,1,42792.990525,True,196
40000,1,42810.856008,True,319
3261.405697,1,42838.492852,False,500
40000,1,42855.665346,True,307
3253.067247,1,42883.283553,False,500
40000,1,42889.288262,True,102
40000,1,42895.384113,True,102
3249.721836,1,42923.215297,False,500
3251.573243,1,42943.540171,False,500
40000,1,42949.609345,True,102
40000,1,42954.223546,True,102
3209.33583,1,42981.387079,False,500
40000,1,42987.398615,True,102
40000,1,42999.749495,True,296
40000,1,43004.333735,True,101
40000,1,43008.928912,True,102
40000,1,43014.292131,True,102
40000,1,43020.341934,True,102
40000,1,43026.364983,True,102
40000,1,43032.579041,True,102
40000,1,43038.596635,True,102
3239.242653,1,43066.221736,False,500
40000,1,43088.797081,True,406
40000,1,43094.814406,True,102
40000,1,43099.410461,True,102
40000,1,43110.47536,True,195
3242.523629,1,43138.314126,False,500
40000,1,43143.001081,True,102
40000,1,43159.223163,True,292
3260.623252,1,43186.686783,False,500
40000,1,43191.346483,True,102
3254.418489,1,43211.880124,False,500
40000,1,43220.775597,True,154
40000,1,43225.475634,True,102
40000,1,43230.182642,True,102
40000,1,43245.879005,True,281
3246.0072,1,43273.395585,False,500
3260.556103,1,43293.832566,False,500
3225.588125,1,43321.424707,False,500
3236.544693,1,43342.103579,False,500
3225.695027,1,43362.580277,False,500
40000,1,43368.626141,True,102
3243.235472,1,43396.414756,False,500
40000,1,43402.463816,True,102
40000,1,43408.452297,True,102
40000,1,43419.520091,True,196
3241.780151,1,43440.146252,False,500
40000,1,43459.694894,True,354
40000,1,43464.648184,True,101
40000,1,43470.977369,True,109
3230.282695,1,43498.514432,False,500
40000,1,43504.480626,True,102
40000,1,43510.474945,True,102
40000,1,43527.4557,True,305
40000,1,43533.484677,True,101
40000,1,43539.444242,True,101
40000,1,43563.567657,True,429
40000,1,43576.478019,True,306
40000,1,43581.085797,True,102
3240.758913,1,43608.463617,False,500
40000,1,43621.822993,True,316
3192.612536,1,43642.371628,False,500
40000,1,43648.451839,True,102
40000,1,43672.499223,True,431
40000,1,43684.6936,True,213
40000,1,43691.065755,True,107
3243.244411,1,43718.465348,False,500
3259.318914,1,43746.046777,False,500
3235.557441,1,43766.849001,False,500
40000,1,43772.9052,True,102
40000,1,43797.654871,True,444
40000,1,43803.686423,True,102
3257.02472,1,43831.434009,False,500
40000,1,43836.09238,True,102
3257.150888,1,43863.940876,False,500
40000,1,43868.632484,True,102
40000,1,43875.18758,True,112
40000,1,43881.301073,True,102
40000,1,43887.321121,True,102
40000,1,43902.838292,True,278
40000,1,43909.047186,True,105
40000,1,43920.002629,True,194
3257.797424,1,43947.609148,False,500
3250.783776,1,43975.218856,False,500
40000,1,43981.326908,True,102
40000,1,43986.055947,True,102
40000,1,43992.128058,True,102
40000,1,43996.777368,True,102
40000,1,44016.699889,True,359
40000,1,44022.749691,True,102
3259.829619,1,44051.275242,False,500
40000,1,44057.90253,True,102
3259.630443,1,44085.675044,False,500
3229.367661,1,44113.55219,False,500
40000,1,44119.698865,True,102
3242.95209,1,44147.714795,False,500
40000,1,44153.831512,True,102
40000,1,44159.899884,True,102
2981.274426,1,44188.187398,False,500
3242.918646,1,44216.133434,False,500
40000,1,44222.163507,True,102
40000,1,44228.162012,True,102
40000,1,44234.266116,True,102
40000,1,44240.299047,True,102
3260.024317,1,44267.883821,False,500
40000,1,44273.964194,True,102
40000,1,44280.052967,True,102
3226.605835,1,44307.710376,False,500
3252.050885,1,44335.251002,False,500
3247.276918,1,44355.83409,False,500
40000,1,44375.633235,True,350
40000,1,44380.359664,True,102
3255.414803,1,44408.622262,False,500
3247.209321,1,44429.500761,False,500
40000,1,44455.378437,True,465
40000,1,44460.550139,True,102
40000,1,44466.522873,True,102
40000,1,44481.091747,True,354
3239.036982,1,44508.859201,False,500
3257.436069,1,44536.704479,False,500
40000,1,44541.568218,True,102
